svg1337,124.278,214.409,9014.29,4459.87
path1,1205.71,3777.32,151.148,53.0025
path2,1538.73,3777.32,151.067,53.0025
path3,1356.48,3829.52,182.618,0.803948
Layer1000,1212.41,3749.64,137.896,76.7452
path4,1306.56,3788.93,14.756,14.756
path5,1306.56,3788.93,14.756,14.756
path6,1231.9,3749.64,29.2891,21.6253
path7,1240.68,3778.09,13.3636,36.9225
path8,1240.68,3778.09,13.3636,36.9225
path9,1240.98,3778.6,12.7635,3.39405
path10,1241.14,3781.42,12.7639,3.39432
path11,1240.98,3784.07,12.7635,3.39445
path12,1241.14,3786.89,12.7639,3.3955
path13,1240.98,3789.55,12.7635,3.39431
path14,1241.14,3792.37,12.7639,3.39445
path15,1240.98,3795.02,12.7635,3.39431
path16,1241.14,3797.84,12.7639,3.39445
path17,1240.98,3800.5,12.7635,3.3955
path18,1241.14,3803.32,12.7639,3.39405
path19,1240.98,3805.97,12.7634,3.39326
path20,1241.14,3808.79,12.7639,3.39432
path21,1241.14,3811.45,12.7639,3.39563
path22,1257.99,3801.43,48.1467,22.8933
path23,1212.41,3786.43,137.896,16.4232
path24,1212.41,3786.43,137.896,16.4232
path25,1303.52,3785.54,21.648,16.2667
path26,1303.52,3785.54,21.6468,16.2651
path27,1236.41,3783.65,22.0893,17.8677
path28,1236.41,3783.65,22.0893,17.8677
path29,1257.75,3786.76,46.0905,14.9775
path30,1214.85,3786.59,15.2012,15.1987
path31,1326.63,3786.99,21.6437,14.3104
path32,1257.99,3823.01,48.1467,3.3812
path33,1257.99,3823.01,48.1467,3.3812
path34,1218.56,3751.59,58.7557,34.7561
path35,1218.56,3751.59,58.7557,34.7561
path36,1215.23,3751.59,66.0892,8.0892
path37,1215.23,3751.59,66.0892,8.0892
path38,1215.23,3779.59,66.0892,8.08893
path39,1215.23,3779.59,66.0892,8.08893
path40,1284.56,3751.59,58.7557,34.7561
path41,1284.56,3751.59,58.7557,34.7561
path42,1281.23,3751.59,66.0892,8.0892
path43,1281.23,3751.59,66.0892,8.0892
path44,1281.23,3779.59,66.0892,8.08893
path45,1281.23,3779.59,66.0892,8.08893
Layer1001,1547.79,3749.64,137.896,76.7452
path46,1576.77,3788.93,14.756,14.756
path47,1576.77,3788.93,14.756,14.756
path48,1636.91,3749.64,29.2891,21.6253
path49,1644.05,3778.09,13.3637,36.9225
path50,1644.05,3778.09,13.3637,36.9225
path51,1644.35,3778.6,12.7636,3.39405
path52,1644.19,3781.42,12.7639,3.39432
path53,1644.35,3784.07,12.7636,3.39445
path54,1644.19,3786.89,12.7639,3.3955
path55,1644.35,3789.55,12.7636,3.39432
path56,1644.19,3792.37,12.7639,3.39445
path57,1644.35,3795.02,12.7636,3.39432
path58,1644.19,3797.84,12.7639,3.39445
path59,1644.35,3800.5,12.7637,3.3955
path60,1644.19,3803.32,12.7639,3.39405
path61,1644.35,3805.97,12.7635,3.39326
path62,1644.19,3808.79,12.7639,3.39432
path63,1644.19,3811.45,12.7639,3.39563
path64,1591.95,3801.43,48.1467,22.8933
path65,1547.79,3786.43,137.896,16.4232
path66,1547.79,3786.43,137.896,16.4232
path67,1572.92,3785.54,21.648,16.2667
path68,1572.92,3785.54,21.6468,16.2651
path69,1639.59,3783.65,22.0893,17.8677
path70,1639.59,3783.65,22.0893,17.8677
path71,1594.26,3786.76,46.0905,14.9775
path72,1668.04,3786.59,15.2012,15.1987
path73,1549.81,3786.99,21.6437,14.3104
path74,1591.95,3823.01,48.1467,3.3812
path75,1591.95,3823.01,48.1467,3.3812
path76,1620.77,3751.59,58.7557,34.7561
path77,1620.77,3751.59,58.7557,34.7561
path78,1616.77,3751.59,66.0892,8.0892
path79,1616.77,3751.59,66.0892,8.0892
path80,1616.77,3779.59,66.0892,8.08893
path81,1616.77,3779.59,66.0892,8.08893
path82,1554.77,3751.59,58.7557,34.7561
path83,1554.77,3751.59,58.7557,34.7561
path84,1550.77,3751.59,66.0892,8.0892
path85,1550.77,3751.59,66.0892,8.0892
path86,1550.77,3779.59,66.0892,8.08893
path87,1550.77,3779.59,66.0892,8.08893
Layer1002,3667.73,3747.42,100.646,144.425
path88,3697.86,3856.34,70.5119,33.4169
path89,3709.01,3776.65,28.2319,30.9209
path90,3680.18,3855.17,41.0703,27.5359
path91,3680.89,3856.01,39.739,25.8756
path92,3684.27,3856.77,32.9772,24.3579
path93,3687.16,3857.42,27.1984,23.0608
path94,3692.5,3858.62,16.5186,20.6637
path95,3695.29,3859.25,10.9324,19.4099
path96,3676.27,3844.2,77.3033,47.2819
path97,3692.32,3800.48,46.1248,54.2652
path98,3693.54,3794.76,54.3201,16.2867
path99,3693.54,3794.76,54.3204,16.2867
path100,3709.03,3791.42,25.6628,12.6489
path101,3709.03,3791.42,25.6628,12.6493
path102,3732.44,3796.67,13.9555,10.0217
path103,3732.44,3796.67,13.9553,10.0208
path104,3697.32,3788.79,13.9527,10.0224
path105,3697.32,3788.79,13.9536,10.0216
path106,3714.96,3751.63,27.8133,30.6965
path107,3720.68,3748.16,22.8715,9.01692
path108,3721.46,3747.42,22.0917,6.2899
path109,3725.17,3763.01,7.55262,7.56547
path110,3723.14,3863.42,19.7629,19.7626
path111,3677.81,3878.08,54.5801,13.7557
path112,3667.73,3840.84,16.8545,9.04092
Layer1003,3749.12,3766.2,100.646,144.425
path113,3779.26,3875.12,70.5119,33.4168
path114,3790.41,3795.44,28.2317,30.9209
path115,3761.58,3873.96,41.0703,27.5357
path116,3762.29,3874.8,39.739,25.8756
path117,3765.67,3875.56,32.9772,24.3579
path118,3768.56,3876.21,27.1984,23.0609
path119,3773.9,3877.41,16.5186,20.6637
path120,3776.69,3878.03,10.9324,19.4099
path121,3757.67,3862.99,77.3033,47.2817
path122,3773.72,3819.27,46.1248,54.2652
path123,3774.94,3813.55,54.3201,16.2868
path124,3774.94,3813.55,54.3204,16.2867
path125,3790.43,3810.2,25.6628,12.6489
path126,3790.43,3810.2,25.6628,12.6492
path127,3813.84,3815.46,13.9555,10.0217
path128,3813.84,3815.46,13.9553,10.0208
path129,3778.72,3807.58,13.9527,10.0223
path130,3778.72,3807.58,13.9536,10.0216
path131,3796.36,3770.42,27.8133,30.6966
path132,3802.08,3766.95,22.8715,9.01692
path133,3802.86,3766.2,22.0917,6.29002
path134,3806.57,3781.8,7.55262,7.56543
path135,3804.54,3882.21,19.7629,19.7626
path136,3759.21,3896.87,54.5801,13.7556
path137,3749.12,3859.62,16.8545,9.04105
Layer1004,3832.73,3785.82,100.646,144.425
path138,3862.86,3894.74,70.512,33.4168
path139,3874.01,3815.05,28.2317,30.9209
path140,3845.18,3893.58,41.0703,27.5357
path141,3845.89,3894.42,39.7392,25.8756
path142,3849.27,3895.17,32.9772,24.358
path143,3852.16,3895.82,27.1984,23.0608
path144,3857.5,3897.02,16.5186,20.6637
path145,3860.29,3897.65,10.9324,19.4099
path146,3841.27,3882.61,77.3033,47.2817
path147,3857.32,3838.89,46.1248,54.2652
path148,3858.54,3833.17,54.3201,16.2867
path149,3858.54,3833.17,54.3205,16.2867
path150,3874.03,3829.82,25.6628,12.6489
path151,3874.03,3829.82,25.6628,12.6492
path152,3897.44,3835.08,13.9555,10.0217
path153,3897.45,3835.08,13.9553,10.0208
path154,3862.32,3827.19,13.9527,10.0223
path155,3862.32,3827.19,13.9536,10.0216
path156,3879.96,3790.04,27.8133,30.6966
path157,3885.68,3786.56,22.8715,9.01692
path158,3886.46,3785.82,22.0917,6.29002
path159,3890.17,3801.41,7.55262,7.56542
path160,3888.14,3901.83,19.7629,19.7626
path161,3842.81,3916.49,54.5801,13.7556
path162,3832.73,3879.24,16.8545,9.04105
Layer1005,3916.25,3804.81,100.646,144.425
path163,3946.39,3913.73,70.5119,33.4168
path164,3957.53,3834.04,28.2317,30.9209
path165,3928.71,3912.56,41.0703,27.5357
path166,3929.41,3913.4,39.739,25.8756
path167,3932.8,3914.16,32.9772,24.3579
path168,3935.69,3914.81,27.1984,23.0608
path169,3941.03,3916.01,16.5186,20.6637
path170,3943.82,3916.64,10.9324,19.4099
path171,3924.8,3901.59,77.3033,47.2817
path172,3940.84,3857.87,46.1248,54.2652
path173,3942.07,3852.15,54.3201,16.2868
path174,3942.07,3852.15,54.3204,16.2867
path175,3957.55,3848.81,25.6628,12.6489
path176,3957.55,3848.81,25.6628,12.6492
path177,3980.97,3854.06,13.9555,10.0217
path178,3980.97,3854.06,13.9553,10.0208
path179,3945.85,3846.18,13.9527,10.0223
path180,3945.85,3846.18,13.9536,10.0216
path181,3963.49,3809.02,27.8133,30.6966
path182,3969.21,3805.55,22.8715,9.01692
path183,3969.99,3804.81,22.0917,6.29002
path184,3973.7,3820.4,7.55262,7.56543
path185,3971.67,3920.82,19.7629,19.7626
path186,3926.34,3935.48,54.5801,13.7556
path187,3916.25,3898.23,16.8545,9.04105
Layer1006,3999.76,3824.09,100.646,144.425
path188,4029.9,3933.01,70.5119,33.4169
path189,4041.04,3853.33,28.2319,30.9211
path190,4012.22,3931.85,41.0703,27.5359
path191,4012.92,3932.69,39.739,25.8756
path192,4016.3,3933.45,32.9772,24.3579
path193,4019.19,3934.1,27.1985,23.0608
path194,4024.53,3935.3,16.5186,20.6637
path195,4027.33,3935.92,10.9324,19.4099
path196,4008.31,3920.88,77.3033,47.2819
path197,4024.35,3877.16,46.1248,54.2652
path198,4025.57,3871.44,54.3201,16.2867
path199,4025.57,3871.44,54.3204,16.2867
path200,4041.06,3868.09,25.6628,12.6489
path201,4041.06,3868.09,25.6628,12.6493
path202,4064.48,3873.35,13.9555,10.0217
path203,4064.48,3873.35,13.9553,10.0207
path204,4029.36,3865.47,13.9525,10.0224
path205,4029.36,3865.47,13.9537,10.0216
path206,4046.99,3828.31,27.8133,30.6965
path207,4052.72,3824.84,22.8716,9.01692
path208,4053.5,3824.09,22.0916,6.2899
path209,4057.21,3839.69,7.55262,7.56547
path210,4055.17,3940.1,19.7629,19.7626
path211,4009.85,3954.76,54.5801,13.7557
path212,3999.76,3917.51,16.8545,9.04092
Layer1007,4084.08,3843.57,100.646,144.425
path213,4114.21,3952.49,70.5119,33.4168
path214,4125.36,3872.81,28.2319,30.9211
path215,4096.53,3951.33,41.0703,27.5359
path216,4097.24,3952.17,39.739,25.8756
path217,4100.62,3952.93,32.9772,24.3579
path218,4103.51,3953.58,27.1984,23.0608
path219,4108.85,3954.77,16.5186,20.6637
path220,4111.64,3955.4,10.9324,19.4099
path221,4092.62,3940.36,77.3033,47.2819
path222,4108.67,3896.64,46.1248,54.2652
path223,4109.89,3890.92,54.3201,16.2867
path224,4109.89,3890.92,54.3204,16.2868
path225,4125.38,3887.57,25.6628,12.6489
path226,4125.38,3887.57,25.6628,12.6493
path227,4148.8,3892.83,13.9555,10.0217
path228,4148.8,3892.83,13.9553,10.0207
path229,4113.67,3884.94,13.9527,10.0224
path230,4113.67,3884.94,13.9536,10.0216
path231,4131.31,3847.79,27.8133,30.6965
path232,4137.03,3844.31,22.8715,9.01692
path233,4137.81,3843.57,22.0917,6.28992
path234,4141.52,3859.16,7.55262,7.56547
path235,4139.49,3959.58,19.7629,19.7626
path236,4094.16,3974.24,54.5801,13.7557
path237,4084.08,3936.99,16.8545,9.04092
path238,1689.41,3771.54,2591.65,208.275
path239,1689.41,4231.91,2591.65,208.275
path240,1690.25,3829.43,305.065,116.246
Layer1008,1911.14,3786.88,32.4862,128.082
path241,1920.58,3786.88,12.8227,121.109
path242,1919.48,3798.38,15.6965,4.62733
path243,1919.39,3810.43,15.6967,4.622
path244,1919.3,3822.48,15.6965,4.62747
path245,1919.21,3834.53,15.6965,4.62187
path246,1919.12,3846.57,15.6965,4.62733
path247,1919.03,3858.63,15.6967,4.6232
path248,1918.94,3870.67,15.6965,4.62747
path249,1918.85,3882.73,15.6965,4.622
path250,1918.76,3894.77,15.6965,4.62733
path251,1919.48,3804.2,15.6965,4.62733
path252,1919.39,3816.26,15.6967,4.62187
path253,1919.3,3828.3,15.6965,4.62733
path254,1919.21,3840.36,15.6965,4.62187
path255,1919.12,3852.4,15.6965,4.62747
path256,1919.03,3864.45,15.6967,4.62333
path257,1918.94,3876.5,15.6965,4.62733
path258,1918.85,3888.55,15.6965,4.62187
path259,1918.85,3906.77,15.6965,4.62187
path260,1918.94,3900.54,15.6965,4.62733
path261,1919.48,3791.33,15.6965,4.62733
path262,1911.14,3907.66,32.4862,7.29804
path263,1897.44,3904.91,58.6035,7.52067
Layer1009,1713.69,3786.47,32.4862,145.467
path264,1713.69,3924.64,32.4862,7.29804
path265,1723.13,3786.47,12.8227,138.931
path266,1722.02,3797.97,15.6967,4.62733
path267,1721.93,3810.02,15.6967,4.622
path268,1721.84,3822.07,15.6965,4.62747
path269,1721.75,3834.12,15.6967,4.62187
path270,1721.66,3846.17,15.6967,4.62733
path271,1721.57,3858.22,15.6965,4.6232
path272,1721.48,3870.27,15.6965,4.62733
path273,1721.39,3882.32,15.6967,4.622
path274,1721.3,3894.37,15.6967,4.62747
path275,1722.02,3803.8,15.6967,4.62747
path276,1721.93,3815.85,15.6965,4.62187
path277,1721.84,3827.9,15.6965,4.62733
path278,1721.75,3839.95,15.6967,4.62187
path279,1721.66,3851.99,15.6965,4.62747
path280,1721.57,3864.05,15.6965,4.62333
path281,1721.48,3876.09,15.6965,4.62733
path282,1721.39,3888.15,15.6967,4.62187
path283,1721.39,3906.36,15.6967,4.62187
path284,1721.3,3918.41,15.6967,4.62733
path285,1721.48,3900.14,15.6965,4.62733
path286,1721.39,3912.19,15.6967,4.62187
path287,1722.02,3790.92,15.6967,4.62733
path288,1699.98,3921.26,58.6035,7.52067
path289,1689.02,885.73,162.555,25.6398
path290,590.871,214.409,1706.47,1170.87
path291,1689.02,696.622,289.03,27.2063
Layer1010,1700.18,706.614,59.3768,59.405
Layer1011,1709.44,715.815,40.9583,40.9581
path292,1709.44,735.918,40.9583,0.756
path293,1729.54,715.815,0.756,40.9581
path294,1700.18,706.614,59.3768,59.405
Layer1012,1700.18,839.741,59.3768,59.405
Layer1013,1709.44,848.942,40.9583,40.9583
path295,1709.44,869.044,40.9583,0.756
path296,1729.54,848.942,0.756,40.9583
path297,1700.18,839.741,59.3768,59.405
Layer1014,1897.78,706.614,59.3768,59.405
Layer1015,1907.04,715.815,40.9583,40.9581
path298,1907.04,735.918,40.9583,0.756
path299,1927.14,715.815,0.756,40.9581
path300,1897.78,706.614,59.3768,59.405
Layer1016,1821.67,822.745,59.3768,59.405
Layer1017,1830.93,831.946,40.9581,40.9583
path301,1830.93,852.049,40.9581,0.756
path302,1851.03,831.946,0.756,40.9583
path303,1821.67,822.745,59.3768,59.405
path304,1689.04,3777.25,375.251,53.065
path305,1689.41,3747.26,1866.05,24.2459
path306,1689.02,3313.07,1888.83,187.92
path307,1994.92,3813.64,108.017,16.0176
path308,1205.67,2081.06,484.256,355.418
path309,984.099,2398.65,431.304,382.243
path310,1689.02,3286.24,1889.02,27.5839
path311,3094.37,1165.67,171.942,299.391
path312,1689.02,2151.24,289.03,27.2064
path313,1689.02,2340.34,165.504,25.6398
Layer1018,1700.18,2161.23,59.3768,59.405
Layer1019,1709.44,2170.43,40.9583,40.9583
path314,1709.44,2190.53,40.9583,0.756
path315,1729.54,2170.43,0.756,40.9583
path316,1700.18,2161.23,59.3768,59.405
Layer1020,1700.18,2294.36,59.3768,59.405
Layer1021,1709.44,2303.56,40.9583,40.9583
path317,1709.44,2323.66,40.9583,0.756
path318,1729.54,2303.56,0.756,40.9583
path319,1700.18,2294.36,59.3768,59.405
Layer1022,1897.78,2161.23,59.3768,59.405
Layer1023,1907.04,2170.43,40.9583,40.9583
path320,1907.04,2190.53,40.9583,0.756
path321,1927.14,2170.43,0.756,40.9583
path322,1897.78,2161.23,59.3768,59.405
Layer1024,1821.67,2277.36,59.3768,59.405
Layer1025,1830.93,2286.56,40.9581,40.9581
path323,1830.93,2306.66,40.9581,0.756
path324,1851.03,2286.56,0.756,40.9581
path325,1821.67,2277.36,59.3768,59.405
path326,590.871,1668.98,1706.47,1170.87
Layer1026,1700.18,3296.24,59.3768,59.405
Layer1027,1709.44,3305.44,40.9583,40.9583
path327,1709.44,3325.54,40.9583,0.756
path328,1729.54,3305.44,0.756,40.9583
path329,1700.18,3296.24,59.3768,59.405
Layer1028,1700.18,3429.36,59.3768,59.405
Layer1029,1709.44,3438.56,40.9583,40.9583
path330,1709.44,3458.67,40.9583,0.756
path331,1729.54,3438.56,0.756,40.9583
path332,1700.18,3429.36,59.3768,59.405
Layer1030,1897.78,3296.24,59.3768,59.405
Layer1031,1907.04,3305.44,40.9583,40.9583
path333,1907.04,3325.54,40.9583,0.756
path334,1927.14,3305.44,0.756,40.9583
path335,1897.78,3296.24,59.3768,59.405
Layer1032,1821.67,3412.37,59.3768,59.405
Layer1033,1830.93,3421.57,40.9581,40.9583
path336,1830.93,3441.67,40.9581,0.756
path337,1851.03,3421.57,0.756,40.9583
path338,1821.67,3412.37,59.3768,59.405
path339,1854.33,3290.03,141.171,208.297
path340,1994.92,4274.28,108.017,16.0177
path341,1689.04,4460.46,305.9,53.0662
path342,1690.25,4512.65,305.065,116.246
Layer1034,1912.23,4470.47,30.24,127.702
path343,1920.58,4470.47,12.819,120.731
path344,1919.48,4481.59,15.6965,4.62747
path345,1919.39,4493.64,15.6967,4.622
path346,1919.3,4505.69,15.6965,4.62733
path347,1919.21,4517.74,15.6965,4.62187
path348,1919.12,4529.79,15.6965,4.62733
path349,1919.03,4541.84,15.6967,4.6232
path350,1918.94,4553.89,15.6965,4.62747
path351,1918.85,4565.94,15.6965,4.622
path352,1918.76,4577.99,15.6965,4.62733
path353,1919.48,4487.42,15.6965,4.62733
path354,1919.39,4499.47,15.6967,4.62187
path355,1919.3,4511.52,15.6965,4.62733
path356,1919.21,4523.57,15.6965,4.622
path357,1919.12,4535.62,15.6965,4.62747
path358,1919.03,4547.67,15.6967,4.62333
path359,1918.94,4559.72,15.6965,4.62733
path360,1918.85,4571.77,15.6965,4.62187
path361,1918.85,4589.98,15.6965,4.62187
path362,1918.94,4583.76,15.6965,4.62733
path363,1919.48,4474.54,15.6965,4.62733
path364,1912.23,4590.88,30.24,7.29676
path365,1897.44,4588.12,58.6035,7.52067
Layer1035,1714.77,4469.69,30.24,145.466
path366,1714.77,4607.86,30.24,7.29676
path367,1723.13,4469.69,12.8227,138.931
path368,1722.02,4481.18,15.6967,4.62733
path369,1721.93,4493.24,15.6967,4.622
path370,1721.84,4505.28,15.6965,4.62747
path371,1721.75,4517.33,15.6967,4.62187
path372,1721.66,4529.38,15.6967,4.62733
path373,1721.57,4541.43,15.6965,4.6232
path374,1721.48,4553.48,15.6965,4.62733
path375,1721.39,4565.53,15.6967,4.622
path376,1721.3,4577.58,15.6967,4.62747
path377,1722.02,4487.01,15.6967,4.62733
path378,1721.93,4499.06,15.6965,4.62187
path379,1721.84,4511.11,15.6965,4.62733
path380,1721.75,4523.16,15.6967,4.62187
path381,1721.66,4535.21,15.6965,4.62747
path382,1721.57,4547.26,15.6965,4.62333
path383,1721.48,4559.31,15.6965,4.62733
path384,1721.39,4571.36,15.6967,4.62187
path385,1721.39,4589.57,15.6967,4.62187
path386,1721.3,4601.62,15.6967,4.62733
path387,1721.48,4583.35,15.6965,4.62733
path388,1721.39,4595.4,15.6967,4.622
path389,1722.02,4474.14,15.6967,4.62733
path390,1699.98,4604.48,58.6035,7.52067
Layer1036,1836.1,3786.88,32.4862,128.082
path391,1845.54,3786.88,12.8227,121.109
path392,1844.43,3798.38,15.6965,4.62733
path393,1844.34,3810.43,15.6967,4.622
path394,1844.25,3822.48,15.6965,4.62747
path395,1844.16,3834.53,15.6965,4.62187
path396,1844.07,3846.57,15.6965,4.62733
path397,1843.98,3858.63,15.6967,4.6232
path398,1843.89,3870.67,15.6965,4.62747
path399,1843.8,3882.73,15.6965,4.622
path400,1843.71,3894.77,15.6967,4.62733
path401,1844.43,3804.2,15.6965,4.62733
path402,1844.34,3816.26,15.6967,4.62187
path403,1844.25,3828.3,15.6965,4.62733
path404,1844.16,3840.36,15.6965,4.62187
path405,1844.07,3852.4,15.6967,4.62747
path406,1843.98,3864.45,15.6965,4.62333
path407,1843.89,3876.5,15.6965,4.62733
path408,1843.8,3888.55,15.6967,4.62187
path409,1843.8,3906.77,15.6965,4.62187
path410,1843.89,3900.54,15.6965,4.62733
path411,1844.43,3791.33,15.6965,4.62733
path412,1836.1,3907.66,32.4862,7.29804
path413,1822.39,3904.91,58.6035,7.52067
Layer1037,1837.18,4470.47,30.24,127.702
path414,1845.54,4470.47,12.819,120.731
path415,1844.43,4481.59,15.6965,4.62747
path416,1844.34,4493.64,15.6967,4.622
path417,1844.25,4505.69,15.6965,4.62733
path418,1844.16,4517.74,15.6965,4.62187
path419,1844.07,4529.79,15.6965,4.62733
path420,1843.98,4541.84,15.6967,4.6232
path421,1843.89,4553.89,15.6965,4.62747
path422,1843.8,4565.94,15.6965,4.622
path423,1843.71,4577.99,15.6967,4.62733
path424,1844.43,4487.42,15.6965,4.62733
path425,1844.34,4499.47,15.6967,4.62187
path426,1844.25,4511.52,15.6965,4.62733
path427,1844.16,4523.57,15.6965,4.622
path428,1844.07,4535.62,15.6967,4.62747
path429,1843.98,4547.67,15.6965,4.62333
path430,1843.89,4559.72,15.6965,4.62733
path431,1843.8,4571.77,15.6967,4.62187
path432,1843.8,4589.98,15.6965,4.62187
path433,1843.89,4583.76,15.6965,4.62733
path434,1844.43,4474.54,15.6965,4.62733
path435,1837.18,4590.88,30.24,7.29676
path436,1822.39,4588.12,58.6035,7.52067
path437,691.44,2530.7,229.135,222.97
path438,705.126,2551.07,201.469,181.411
path439,881.443,2698.19,105.816,5.75116
path440,896.997,2675.4,106.376,5.77769
path441,856.01,2583.99,10.8587,10.8711
path442,742.519,2689.79,10.8586,10.8711
Layer1038,4445.56,2331.89,228.56,225.556
path443,4445.56,2331.89,228.56,225.556
path444,4614.88,2392.33,10.9589,10.9607
path445,4491.26,2486.1,10.959,10.9607
path446,3747.49,3409.64,10.9607,10.9589
path447,3582.57,3335.23,10.9607,10.959
path448,3582.57,3441.89,10.9607,10.959
path449,1892.07,783.43,1811.86,40.6948
Layer1039,3555.44,722.826,21.9437,162.559
path450,3555.67,722.826,21.7151,162.559
path451,3555.44,723.224,0.755867,161.844
path452,3556.31,871.736,15.7509,0.755867
path453,3556.31,873.066,15.7509,0.755867
path454,3556.31,819.993,15.7509,0.755867
path455,3556.31,818.463,15.7509,0.755867
path456,3556.31,845.242,15.7509,0.755867
path457,3556.31,846.523,15.7509,0.755867
path458,3556.31,791.726,15.7509,0.755867
path459,3556.31,794.57,15.7509,0.755867
path460,3556.31,767.451,15.7509,0.755867
path461,3556.31,763.314,15.7509,0.755867
path462,3556.31,738.03,15.7509,0.755867
path463,3556.31,733.916,15.7476,0.755867
Layer1040,1066.48,3915.9,31.8415,30.8566
path464,1066.97,3916.47,31.1017,27.5412
path465,1066.75,3946.42,31.3715,0.341067
path466,1066.48,3916.39,4.89589,27.2889
path467,1066.56,3943.52,31.7619,3.07606
path468,1070.88,3915.9,21.9958,0.82253
path469,1079.68,3777.24,5.9104,139.453
Layer1041,988.729,660.798,167.937,285.436
path470,996.345,899.653,55.9647,6.68948
path471,996.724,860.13,50.664,6.68948
path472,1004.61,857.289,9.36319,12.0713
path473,999.5,857.176,9.35994,12.0737
path474,994.538,857.118,9.36223,12.0739
path475,1004.61,817.692,9.36319,12.0713
path476,994.538,817.521,9.36223,12.0739
path477,999.5,817.579,9.35994,12.0737
path478,996.724,820.533,45.7504,6.68948
path479,996.346,780.085,50.6639,6.68948
path480,996.346,740.488,45.7506,6.68948
path481,996.385,700.834,40.7944,6.68948
Layer1042,1036.31,684.176,74.982,40.4424
path482,1036.31,684.176,74.982,40.4424
path483,1049.23,698.015,57.5935,12.7079
path484,1098.26,687.236,10.7175,10.8947
path485,1049.2,698.004,39.2634,12.7193
path486,1098.26,710.265,10.7175,10.8945
path487,1012.61,663.831,26.0035,25.7147
path488,1018.39,669.61,14.1572,14.1572
path489,1070.65,698.597,11.6031,11.6031
path490,1070.65,738.005,11.6031,11.6031
path491,1071.03,777.762,11.6031,11.6031
path492,1071.03,817.897,11.6031,11.6031
path493,1071.03,857.684,11.6031,11.6029
path494,1071.03,897.441,11.6031,11.6031
path495,1128.09,663.831,26.0033,25.7147
path496,1133.87,669.61,14.1572,14.1572
path497,1012.61,917.453,26.0035,25.7147
path498,1018.39,923.232,14.1572,14.1572
path499,1128.09,917.453,26.0033,25.7147
path500,1133.87,923.232,14.1572,14.1572
path501,1012.61,790.598,26.0035,25.7147
path502,1018.39,796.376,14.1572,14.1572
path503,1049.19,700.833,18.8663,6.68949
path504,1014.37,697.981,9.35299,12.0726
path505,1029.71,698.237,7.38553,12.0271
path506,1024.61,698.08,9.35994,12.0736
path507,1019.65,698.022,9.36223,12.0738
path508,1009.2,698.092,9.36221,12.0734
path509,1004.27,697.992,9.36319,12.0713
path510,999.16,697.879,9.35986,12.0737
path511,994.198,697.821,9.36228,12.0739
path512,988.768,693.654,8.37433,21.4872
path513,1049.7,697.981,9.35286,12.0726
path514,1059.93,698.08,8.12182,12.0736
path515,1054.97,698.022,9.36223,12.0738
path516,1050.38,698.676,3.50992,2.91906
path517,1034.49,706.833,2.68442,3.17005
Layer1043,1046.14,763.342,74.9819,40.4424
path518,1046.14,763.342,74.9819,40.4424
path519,1059.06,777.181,57.5936,12.7079
path520,1108.09,766.401,10.7175,10.8947
path521,1059.03,777.169,39.2634,12.7193
path522,1108.09,789.431,10.7175,10.8945
Layer1044,1041.23,723.585,74.9819,40.4424
path523,1041.23,723.585,74.9819,40.4424
path524,1054.14,737.423,57.5936,12.708
path525,1103.17,726.644,10.7175,10.8945
path526,1054.12,737.412,39.2635,12.7193
path527,1103.17,749.674,10.7175,10.8947
Layer1045,1051.43,882.791,74.9819,40.4424
path528,1051.43,882.791,74.9819,40.4424
path529,1064.35,896.63,57.5936,12.7079
path530,1113.38,885.851,10.7175,10.8947
path531,1064.32,896.619,39.2634,12.7193
path532,1113.38,908.88,10.7175,10.8945
Layer1046,1046.52,843.034,74.9819,40.4423
path533,1046.52,843.034,74.9819,40.4423
path534,1059.43,856.873,57.5936,12.708
path535,1108.46,846.094,10.7175,10.8945
path536,1059.41,856.862,39.2635,12.7193
path537,1108.46,869.123,10.7175,10.8947
Layer1047,1041.61,803.625,74.9819,40.4424
path538,1041.61,803.625,74.9819,40.4424
path539,1054.52,817.464,57.5935,12.708
path540,1103.55,806.685,10.7175,10.8947
path541,1054.5,817.453,39.2635,12.7193
path542,1103.55,829.715,10.7175,10.8947
path543,1054.1,740.488,13.9142,6.6891
path544,1014.34,737.635,9.35289,12.0726
path545,1029.68,737.847,9.363,12.0713
path546,1024.57,737.734,9.35994,12.0737
path547,1019.61,737.676,9.36223,12.0739
path548,1009.16,737.746,9.36224,12.0734
path549,1004.23,737.647,9.36319,12.0713
path550,999.122,737.534,9.35986,12.0737
path551,994.16,737.476,9.36225,12.0738
path552,988.729,733.308,8.37432,21.4873
path553,1059.89,737.734,8.12182,12.0737
path554,1054.8,737.676,9.49695,12.0815
path555,1059.02,780.086,8.99967,6.68857
path556,1014.34,777.233,9.35287,12.0726
path557,1029.68,777.445,9.363,12.0713
path558,1024.57,777.332,9.35994,12.0737
path559,1019.61,777.274,9.36223,12.0739
path560,1009.16,777.344,9.36224,12.0735
path561,1004.23,777.244,9.36319,12.0713
path562,999.122,777.131,9.35988,12.0737
path563,994.16,777.073,9.36223,12.0738
path564,988.729,772.906,8.37432,21.4873
path565,1034.45,777.131,9.35994,12.0737
path566,1064.31,899.654,2.95078,6.68882
path567,1013.58,896.8,9.35289,12.0726
path568,1028.92,897.012,9.36318,12.0713
path569,1023.81,896.899,9.35986,12.0737
path570,1018.85,896.841,9.36228,12.0739
path571,1008.41,896.911,9.36224,12.0734
path572,1003.47,896.812,9.36319,12.0713
path573,998.366,896.699,9.35994,12.0737
path574,993.404,896.641,9.36223,12.0738
path575,988.729,892.473,8.37431,21.4873
path576,1043.73,896.911,8.57996,12.0734
path577,1038.8,896.812,9.363,12.0713
path578,1033.69,896.699,9.35994,12.0737
path579,996.757,660.799,12.3099,285.322
path580,996.596,660.798,160.07,285.436
path581,1034.65,737.758,7.38553,12.0272
path582,1055.32,738.197,3.50996,2.91901
path583,1039.42,746.354,2.68444,3.17005
path584,1059.76,777.244,8.36655,12.0815
path585,1039.62,777.326,7.38551,12.0271
path586,1060.28,777.764,3.51004,2.91919
path587,1044.39,785.922,2.68444,3.16992
path588,1054.48,820.533,13.9143,6.6891
path589,1014.71,817.68,9.35289,12.0726
path590,1030.05,817.892,9.36319,12.0713
path591,1024.95,817.779,9.35986,12.0737
path592,1019.98,817.721,9.36228,12.0739
path593,1009.54,817.791,9.36224,12.0734
path594,989.107,813.353,8.37418,21.4872
path595,1060.27,817.779,8.1218,12.0737
path596,1055.17,817.721,9.497,12.0815
path597,1059.39,860.131,8.99966,6.6887
path598,1014.71,857.278,9.35289,12.0726
path599,1030.05,857.489,9.36319,12.0713
path600,1024.95,857.376,9.35986,12.0737
path601,1019.98,857.318,9.36228,12.0738
path602,1009.54,857.388,9.36226,12.0734
path603,989.107,852.95,8.37418,21.4872
path604,1034.82,857.176,9.35994,12.0737
path605,1035.03,817.803,7.38551,12.0271
path606,1055.69,818.242,3.51002,2.91906
path607,1039.8,826.399,2.68444,3.17005
path608,1060.14,857.289,8.36633,12.0814
path609,1039.99,857.37,7.38553,12.0271
path610,1060.66,857.809,3.51,2.91906
path611,1044.76,865.967,2.68442,3.17005
path612,1049.31,905.674,3.02014,3.2864
path613,1064.65,898.299,2.27162,2.02531
Layer1048,1128.23,664.007,25.4337,25.363
path614,1128.23,664.007,25.4337,25.363
path615,1131.17,666.827,19.5612,19.7226
Layer1049,1012.75,664.007,25.4337,25.363
path616,1012.75,664.007,25.4337,25.363
path617,1015.69,666.827,19.5612,19.7226
Layer1050,1012.9,790.774,25.4337,25.363
path618,1012.9,790.774,25.4337,25.363
path619,1015.83,793.594,19.5612,19.7228
Layer1051,1012.9,917.629,25.4337,25.363
path620,1012.9,917.629,25.4337,25.363
path621,1015.83,920.449,19.5612,19.7226
Layer1052,1128.37,917.629,25.4337,25.363
path622,1128.37,917.629,25.4337,25.363
path623,1131.31,920.449,19.5612,19.7226
path624,591.249,3777.26,1704.37,168.071
path625,2853.98,2553.7,18.023,18.0201
path626,2740.99,2656.46,18.8514,18.8484
path627,2764.59,2574.64,84.7108,78.9105
Layer1053,3074.19,1211.47,64.8953,47.6834
path628,3094.51,1211.47,7.05385,47.6834
path629,3074.19,1231.79,47.6834,7.05385
path630,3078.77,1215.75,38.4875,39.0746
path631,3127.89,1234.3,11.2007,11.2005
Layer1054,2648.88,1344.45,64.8954,47.6834
path632,2669.19,1344.45,7.05385,47.6834
path633,2648.88,1364.76,47.6834,7.05385
path634,2653.46,1348.73,38.4875,39.0746
path635,2702.58,1367.27,11.2008,11.2005
Layer1055,2734.61,1317.79,64.8953,47.6834
path636,2754.92,1317.79,7.05372,47.6834
path637,2734.61,1338.11,47.6834,7.05372
path638,2739.19,1322.07,38.4875,39.0746
path639,2788.31,1340.62,11.2007,11.2005
Layer1056,2819.86,1290.93,64.8953,47.6834
path640,2840.17,1290.93,7.05372,47.6834
path641,2819.86,1311.24,47.6834,7.05372
path642,2824.43,1295.21,38.4875,39.0746
path643,2873.55,1313.75,11.2007,11.2005
Layer1057,2904.98,1264.38,64.8954,47.6835
path644,2925.29,1264.38,7.05385,47.6835
path645,2904.98,1284.69,47.6834,7.05385
path646,2909.56,1268.66,38.4875,39.0746
path647,2958.67,1287.2,11.2008,11.2005
Layer1058,2989.3,1238.55,64.8954,47.6834
path648,3009.61,1238.55,7.05372,47.6834
path649,2989.3,1258.87,47.6835,7.05372
path650,2993.88,1242.83,38.4875,39.0746
path651,3042.99,1261.37,11.2007,11.2005
Layer1059,3669.46,3294.76,64.8954,47.6834
path652,3706.99,3294.76,7.05385,47.6834
path653,3686.67,3315.07,47.6835,7.05372
path654,3691.29,3299.04,38.4875,39.0746
path655,3669.46,3317.58,11.2008,11.2005
path656,591.249,4460.56,1704.37,168.071
Layer1060,4095.53,837.488,64.8954,47.6834
path657,4133.06,837.488,7.05385,47.6834
path658,4112.74,857.804,47.6834,7.05372
path659,4117.36,841.768,38.4875,39.0746
path660,4095.53,860.309,11.2008,11.2005
Layer1061,4009.8,810.834,64.8953,47.6834
path661,4047.33,810.834,7.05372,47.6834
path662,4027.01,831.15,47.6834,7.05372
path663,4031.63,815.114,38.4875,39.0746
path664,4009.8,833.655,11.2007,11.2005
Layer1062,3924.55,783.967,64.8954,47.6834
path665,3962.08,783.967,7.05372,47.6834
path666,3941.76,804.284,47.6835,7.05372
path667,3946.38,788.248,38.4875,39.0746
path668,3924.55,806.789,11.2008,11.2005
Layer1063,3839.43,757.417,64.8954,47.6835
path669,3876.96,757.417,7.05385,47.6835
path670,3856.64,777.734,47.6835,7.05385
path671,3861.26,761.698,38.4875,39.0746
path672,3839.43,780.239,11.2008,11.2005
Layer1064,3755.11,731.592,64.8954,47.6835
path673,3792.64,731.592,7.05385,47.6835
path674,3772.32,751.908,47.6835,7.05385
path675,3776.94,735.872,38.4875,39.0746
path676,3755.11,754.413,11.2008,11.2003
Layer1065,3670.22,704.513,64.8954,47.6835
path677,3707.75,704.513,7.05385,47.6835
path678,3687.43,724.829,47.6834,7.05372
path679,3692.05,708.793,38.4875,39.0746
path680,3670.22,727.334,11.2008,11.2003
Layer1066,4094.78,3427.73,64.8954,47.6835
path681,4132.3,3427.73,7.05372,47.6835
path682,4111.99,3448.05,47.6835,7.05372
path683,4116.6,3432.01,38.4875,39.0746
path684,4094.78,3450.55,11.2007,11.2003
path685,4117.57,841.837,38.4875,39.0746
path686,4031.95,815.225,38.4875,39.0746
path687,3946.77,788.732,38.4875,39.0746
path688,3861.47,761.768,38.4875,39.0746
path689,3777.42,735.864,38.4875,39.0746
path690,3692.28,709.015,38.4875,39.0746
path691,1212.19,675.297,138.255,258.714
path692,1280.68,675.427,67.4327,258.535
path693,1214.01,675.427,67.4326,258.535
path694,1312.3,727.194,3.50507,3.5052
path695,1312.3,875.694,3.50507,3.50507
path696,1308.51,682.401,11.0891,11.0895
path697,1310.01,683.901,8.0892,8.0892
path698,1236.79,698.615,21.6253,21.6252
path699,1236.46,736.549,21.6253,21.6253
path700,1236.57,773.169,21.6253,21.6253
path701,1236.63,810.937,21.6252,21.6268
path702,1236.41,848.495,21.6253,21.6249
path703,1236.41,885.162,21.6253,21.6249
path704,1245.75,727.276,3.50507,3.50667
path705,1245.52,875.656,3.50507,3.50667
path706,1241.95,682.484,11.0891,11.0891
path707,1243.45,683.984,8.0888,8.0892
path708,1303.34,698.531,21.6253,21.6265
path709,1303.02,736.467,21.6248,21.6253
path710,1303.12,773.088,21.6253,21.6268
path711,1303.19,810.858,21.6249,21.6249
path712,1302.96,848.412,21.6252,21.6253
path713,1302.96,885.079,21.6252,21.6252
path714,1236.65,706.62,22.1045,4.81053
path715,1236.78,741.318,20.8381,11.5265
path716,1236.65,781.287,21.736,4.81053
path717,1236.98,816.058,20.6428,11.4566
path718,1236.65,857.287,21.7713,4.81053
path719,1236.64,890.598,20.9816,11.5781
path720,1548.03,675.297,138.255,258.714
path721,1616.52,675.427,67.4325,258.535
path722,1549.85,675.427,67.4327,258.535
path723,1648.14,727.194,3.5052,3.5052
path724,1648.14,875.694,3.5052,3.50507
path725,1644.35,682.401,11.0892,11.0895
path726,1645.85,683.901,8.08933,8.0892
path727,1572.63,698.615,21.6252,21.6252
path728,1572.31,736.549,21.6253,21.6253
path729,1572.41,773.169,21.6252,21.6253
path730,1572.47,810.937,21.6253,21.6268
path731,1572.25,848.495,21.6253,21.6249
path732,1572.25,885.162,21.6253,21.6249
path733,1581.59,727.276,3.50507,3.50667
path734,1581.36,875.656,3.50507,3.50667
path735,1577.8,682.484,11.0891,11.0891
path736,1579.3,683.984,8.08893,8.0892
path737,1639.19,698.531,21.6253,21.6265
path738,1638.86,736.467,21.6249,21.6253
path739,1638.96,773.088,21.6252,21.6268
path740,1639.03,810.858,21.6249,21.6249
path741,1638.81,848.412,21.6253,21.6253
path742,1638.81,885.079,21.6253,21.6252
path743,1638.95,706.62,22.1045,4.81053
path744,1638.95,706.62,22.1045,4.81053
path745,1639.09,741.318,20.838,11.5265
path746,1639.09,741.318,20.838,11.5265
path747,1638.95,781.287,21.7361,4.81053
path748,1638.95,781.287,21.7361,4.81053
path749,1639.28,816.058,20.6428,11.4566
path750,1639.28,816.058,20.6428,11.4566
path751,1638.95,857.287,21.7713,4.81053
path752,1638.95,857.287,21.7713,4.81053
path753,1638.94,890.598,20.9816,11.5781
path754,1638.94,890.598,20.9816,11.5781
path755,1689.02,696.2,1867.18,215.595
Layer1067,3665.73,618.65,134.376,148.47
path756,3665.73,722.242,34.4815,29.6979
path757,3684.33,702.001,77.6736,65.1189
path758,3728.08,673.994,39.7708,43.0042
path759,3743.34,669.151,24.7501,10.0191
path760,3726.44,618.65,73.6718,54.844
path761,3743,663.872,27.5518,13.8375
path762,3742.01,670.592,25.6043,12.5929
path763,3668.75,725.864,14.1422,14.1433
path764,3689.56,706.497,43.8569,43.8492
Layer1068,3750.62,645.729,134.376,148.47
path765,3750.62,749.321,34.4815,29.6979
path766,3769.22,729.08,77.6734,65.1188
path767,3812.97,701.073,39.7708,43.0042
path768,3828.23,696.23,24.7501,10.0192
path769,3811.33,645.729,73.6716,54.8441
path770,3827.89,690.951,27.5519,13.8375
path771,3826.9,697.671,25.6043,12.5931
path772,3753.63,752.943,14.1422,14.1433
path773,3774.45,733.576,43.857,43.8491
Layer1069,3834.95,671.555,134.376,148.47
path774,3834.95,775.146,34.4816,29.6978
path775,3853.54,754.906,77.6735,65.1189
path776,3897.29,726.899,39.7708,43.0042
path777,3912.55,722.056,24.7501,10.0192
path778,3895.65,671.555,73.6718,54.8441
path779,3912.21,716.776,27.5519,13.8375
path780,3911.23,723.496,25.6044,12.5931
path781,3837.96,778.768,14.1422,14.1433
path782,3858.77,759.402,43.857,43.8491
Layer1070,3920.07,698.105,134.376,148.47
path783,3920.07,801.696,34.4815,29.6979
path784,3938.66,781.456,77.6735,65.1189
path785,3982.41,753.449,39.7708,43.0042
path786,3997.68,748.606,24.7501,10.0191
path787,3980.77,698.105,73.6716,54.844
path788,3997.33,743.326,27.5519,13.8375
path789,3996.35,750.046,25.6043,12.5929
path790,3923.08,805.318,14.1422,14.1433
path791,3943.89,785.951,43.8569,43.8492
Layer1071,4005.31,724.971,134.376,148.47
path792,4005.31,828.563,34.4816,29.6979
path793,4023.9,808.322,77.6735,65.1188
path794,4067.66,780.315,39.7708,43.0042
path795,4082.92,775.472,24.7501,10.0191
path796,4066.01,724.971,73.6718,54.844
path797,4082.58,770.192,27.5519,13.8373
path798,4081.59,776.913,25.6043,12.5929
path799,4008.32,832.185,14.1422,14.1433
path800,4029.13,812.818,43.857,43.8492
Layer1072,4091.05,751.624,134.376,148.47
path801,4091.05,855.215,34.4815,29.6979
path802,4109.64,834.975,77.6734,65.1189
path803,4153.39,806.968,39.7708,43.0042
path804,4168.65,802.125,24.7501,10.0191
path805,4151.75,751.624,73.6716,54.844
path806,4168.31,796.845,27.5519,13.8375
path807,4167.33,803.565,25.6043,12.5929
path808,4094.06,858.837,14.1422,14.1432
path809,4114.87,839.47,43.8569,43.8492
path810,3576.9,658.954,705.444,299.75
path811,4128.9,853.34,15.7725,16.1184
path812,4043.29,826.727,15.7724,16.1186
path813,3958.1,800.235,15.7724,16.1186
path814,3872.81,773.271,15.7725,16.1184
path815,3788.76,747.367,15.7724,16.1186
path816,3703.61,720.518,15.7724,16.1184
Layer1073,2286.76,389.701,43.8299,52.6141
path817,2286.76,389.701,43.8299,52.6141
path818,2308.36,404.812,12.6746,28.7392
path819,2295.29,399.032,12.4357,28.5682
text820,3714.91,251.289,1154.97,71.0625
tspan819,3714.91,251.289,714,71.0625
tspan820,4442.38,267.791,427.503,54.2839
text836,3712.13,2098.39,5426.44,45.0703
tspan821,3712.13,2098.39,871.664,45.0703
tspan822,4585.67,2098.42,47.8594,35.5312
tspan823,4635.26,2107.91,22.9219,26.0156
tspan824,4663.29,2099,396.75,44.4609
tspan825,5064.05,2098.42,590.906,44.4844
tspan826,5658.45,2099,137.672,34.9219
tspan827,5801.58,2098.42,751.031,45.0469
tspan828,6558,2098.86,435.023,35.0859
tspan829,7000.06,2099,23.1797,34.3594
tspan830,7029.21,2099,91.2656,34.3594
tspan831,7124.96,2098.39,176.32,35.5547
tspan832,7308.59,2098.42,536.766,45.0469
tspan833,7847.23,2098.42,232.148,45.0469
tspan834,8085.05,2098.42,156.82,35.5078
tspan835,8247.24,2098.42,536.437,35.5312
tspan836,8788.17,2098.42,350.391,35.5312
text837,3711.91,1345,598.626,54.3197
tspan837,3711.91,1345,598.626,54.3197
path837,3709.23,1402.04,1090.76,6.506
text838,160.463,1517.3,457.367,54.3197
tspan838,160.463,1517.3,457.367,54.3197
path838,155.427,1574.35,1090.76,6.506
text839,126.951,4074.75,582.943,54.3197
tspan839,126.951,4074.75,582.943,54.3197
path839,124.278,4131.79,1090.76,6.50613
path840,3306.93,1178.35,16.0655,268.349
path841,3230.89,1228.41,102.596,1.58133
path842,3231.08,1391.3,118.456,2.27707
path843,1010.22,1233.1,67.8085,67.8085
path844,2388.52,1310.27,1102.4,0.755867
path845,279.751,2258.27,1963.46,0.755867
path846,1556.81,2970.98,2105.6,0.755867
path847,1689.48,3747.26,1865.97,24.2459
path848,3409.12,3742.43,10.5443,4.96053
path849,3282.35,3742.41,10.5443,4.96053
path850,3159.94,3742.39,10.5445,4.96053
path851,3044.06,3742.36,10.5441,4.96053
path852,2935.16,3742.34,10.5485,4.96053
path853,2832.2,3742.32,10.7103,4.96053
path854,2735.16,3742.3,10.5441,4.96053
path855,2643.56,3742.29,10.5445,4.96053
path856,2556.9,3742.27,10.7104,4.96053
path857,2475.35,3742.25,10.5441,4.96053
path858,2397.47,3742.24,10.7103,4.9604
path859,2324.81,3742.23,10.5485,4.96053
path860,2256.11,3742.21,10.5443,4.9604
path861,2191.37,3742.2,10.5443,4.96053
path862,2129.69,3742.19,10.71,4.96053
path863,2072.42,3742.18,10.5404,4.96053
path864,2017.5,3742.17,10.71,4.96053
path865,1966.09,3742.16,10.5443,4.9604
path866,1917.88,3742.15,10.5441,4.96053
path867,1871.86,3742.14,10.5445,4.96053
path868,1828.92,3742.13,10.5445,4.96053
path869,1787.67,3742.12,10.5445,4.9604
path870,1082.56,3734.91,2646.37,37.0152
path871,1748.58,3742.04,10.5447,4.96053
path872,1711.87,3742.34,10.5445,4.96053
path873,3406.17,4084.49,19.6485,19.6481
path874,3415.28,4019.33,0.968199,163.221
path875,3332.13,4047.23,166.697,23.499
path876,3332.25,4070.12,166.451,53.3456
path877,3404.35,4069.91,23.4592,36.1183
path878,3404.72,4082.63,22.6747,0.784933
path879,2322.1,4086.1,19.6485,19.6481
path880,2331.2,4020.94,0.968199,163.221
path881,2234.5,4048.83,196.011,23.499
path882,2234.64,4071.71,195.721,56.9816
path883,2320.28,4071.52,23.4593,36.1183
path884,2320.65,4084.23,22.6747,0.784933
Layer1074,560.572,780.908,31.3867,45.662
path885,560.572,780.908,31.3867,45.662
path886,570.058,787.881,1.05543,30.8707
path887,584.564,788.433,0.896392,30.6208
path888,1082.56,3734.91,3062.74,128.592
path889,1082.56,3734.91,2978.5,108.927
path890,1082.56,3734.91,2894.99,89.6393
path891,1082.56,3734.56,2811.46,71.003
path892,1082.55,3734.91,2727.78,51.2264
path893,536.347,4641.2,43.4759,33.0757
path894,576.507,4625.92,14.5159,17.8754
text894,520.503,4658.83,36.3437,11.6953
tspan894,520.503,4658.83,36.3437,11.6953
path895,1877.92,1264.07,10.9606,10.959
path896,431.233,2258.1,172.463,1.08105
path897,3575.92,3765.9,195.242,50.8981
path898,1892.07,3372.82,1811.86,40.6949
Layer1075,3597.92,4220.07,540.551,133.417
path899,3597.92,4230.95,477.344,9.31053
path900,4054.29,4240.08,12.3413,98.9936
path901,4088.97,4221.08,5.66867,5.90333
path902,4087.74,4220.07,5.82653,6.05427
text902,4095.53,4256.15,42.9492,17.543
tspan902,4095.53,4256.15,42.9492,17.543
path903,4045.28,4227.85,33.1111,125.643
path904,1891.98,4231.93,1790.54,40.6179
path905,3691.72,4260.68,45.8483,53.6666
path906,1454.41,3392.96,2924.8,0.755867
path907,1689.05,2863.82,1867.15,215.078
path908,3414.13,2888.41,0.755867,165.695
path909,3287.89,2886.6,0.755867,169.321
path910,3165.36,2884.89,0.755867,172.751
path911,3049.7,2883.27,0.755867,175.989
path912,2940.54,2881.8,0.755867,178.92
path913,2837.48,2880.3,0.755867,181.93
path914,2740.26,2878.99,0.755867,184.542
path915,2648.46,2877.74,0.755867,187.04
path916,2561.81,2876.54,0.755867,189.435
path917,2480.02,2875.29,0.755867,191.937
path918,2402.84,2874.27,0.755867,193.982
path919,2329.98,2873.19,0.755867,196.138
path920,2261.2,2872.23,0.755867,198.064
path921,2196.31,2871.32,0.755867,199.88
path922,2135.03,2870.46,0.755867,201.595
path923,2077.21,2869.72,0.755867,203.076
path924,2022.61,2868.89,0.755867,204.743
path925,1971.12,2868.17,0.755867,206.185
path926,1922.56,2867.53,0.755867,207.453
path927,1876.58,2866.87,0.755867,208.775
path928,1833.63,2866.24,0.755867,210.034
path929,1792.39,2865.67,0.755867,211.188
path930,1753.76,2865.13,0.755867,212.27
path931,1717.21,2864.61,0.755867,213.293
path932,3555.44,2890.5,0.755867,161.844
path933,591.643,263.082,605.326,442.865
Layer1076,560.348,3838.2,31.2486,45.5651
path934,560.348,3838.2,31.2486,45.5651
path935,569.827,3845.15,0.946252,30.8689
path936,584.334,3845.65,0.788133,30.6184
Layer1077,2295.27,3838.2,31.2486,45.5651
path937,2295.27,3838.2,31.2486,45.5651
path938,2316.1,3845.15,0.946386,30.8689
path939,2301.75,3845.65,0.788133,30.6184
Layer1078,560.348,4525.61,31.2486,45.5651
path940,560.348,4525.61,31.2486,45.5651
path941,569.827,4532.56,0.946252,30.8689
path942,584.334,4533.06,0.788133,30.6184
path943,504.851,4547.8,172.463,1.08105
Layer1079,2295.27,4525.61,31.2486,45.5651
path944,2295.27,4525.61,31.2486,45.5651
path945,2316.1,4532.56,0.946386,30.8689
path946,2301.75,4533.06,0.788133,30.6184
path947,2209.56,4547.75,172.13,1.17226
path948,721.801,4523.46,43.176,50.1372
path949,717.178,4518.08,52.4223,60.9008
Layer1080,719.82,2654.89,120.77,145.112
path950,719.933,2765.89,49.7326,34.1144
path951,719.82,2765.24,49.9455,34.13
path952,728.154,2740.14,54.9285,52.5637
path953,747.422,2664.01,53.7239,77.4419
path954,781.113,2654.89,59.4773,109.093
path955,1189.45,1034.53,67.8085,67.8085
path956,941.715,529.612,1082.59,810.828
path957,1663.36,1205.03,10.9606,10.959
path958,1434.07,1172.39,10.9606,10.959
path959,1212.63,1265.03,10.9607,10.9589
path960,959.515,1285.51,10.9607,10.9589
path961,1132.31,1087.43,10.9606,10.959
path962,1516.46,636.865,10.9606,10.959
path963,1793.44,614.306,10.9606,10.959
path964,1702.23,934.787,10.9607,10.9589
path965,1171.67,561.828,10.9607,10.959
Layer1081,1249.29,1096.76,135.39,125.924
path966,1286.8,1131.47,60.9513,56.2881
path967,1274.88,1120.07,84.7108,78.9105
path968,1301.15,1143.38,31.9944,32.0174
path969,1301.15,1143.38,31.9944,32.0174
path970,1251.57,1202.6,18.2596,17.4494
path971,1251.57,1202.6,18.2596,17.4494
Layer1082,1249.29,1199.93,22.8091,22.7459
path972,1249.29,1199.93,22.8091,22.7459
path973,1251.87,1202.47,17.5596,17.7031
path974,1364.15,1099.42,18.2597,17.4494
path975,1364.15,1099.42,18.2597,17.4494
Layer1083,1361.87,1096.76,22.809,22.7459
path976,1361.87,1096.76,22.809,22.7459
path977,1364.45,1099.3,17.5595,17.7031
path978,3414.13,721.137,0.755867,165.695
path979,3287.89,719.325,0.755867,169.321
path980,3165.36,717.609,0.755867,172.751
path981,3049.7,715.99,0.755867,175.989
path982,2940.54,714.525,0.755867,178.92
path983,2837.48,713.02,0.755867,181.93
path984,2740.26,711.714,0.755867,184.542
path985,2648.46,710.465,0.755867,187.04
path986,2561.81,709.267,0.755867,189.435
path987,2480.02,708.016,0.755867,191.937
path988,2402.84,706.994,0.755867,193.982
path989,2329.98,705.916,0.755867,196.138
path990,2261.2,704.953,0.755867,198.064
path991,2196.31,704.045,0.755867,199.88
path992,2135.03,703.187,0.755867,201.595
path993,2077.21,702.447,0.755867,203.076
path994,2022.61,701.613,0.755867,204.743
path995,1971.12,700.893,0.755867,206.185
path996,1922.56,700.258,0.755867,207.453
path997,1876.58,699.597,0.755867,208.775
path998,1833.63,698.968,0.755867,210.034
path999,1792.39,698.391,0.755867,211.188
path1000,1753.76,697.85,0.755867,212.27
path1001,1717.21,697.338,0.755867,213.293
path1002,946.707,535.09,1065.38,800.493
path1003,1609.43,657.653,10.4009,10.4008
path1004,1275.87,657.653,10.4009,10.4008
path1005,1275.62,939.969,10.4009,10.4008
path1006,1208.81,671.808,144.665,264.757
path1007,1076.44,703.264,2636.19,34.0678
path1008,1076.44,742.862,2723.02,23.9308
path1009,1076.83,782.808,2805.37,11.4312
path1010,1076.83,812.577,2890.55,11.6892
path1011,1076.83,838.879,2975.89,24.9841
path1012,1076.83,865.865,3062.22,37.5666
path1013,3868.83,769.669,23.726,23.3242
path1014,3954.12,796.633,23.726,23.3242
path1015,4039.31,823.125,23.7259,23.3243
path1016,4124.93,849.737,23.726,23.3243
path1017,3699.64,716.916,23.7259,23.3242
path1018,3784.78,743.765,23.7259,23.3242
Layer1084,4109.42,833.889,54.7694,54.6118
path1019,4109.42,833.889,54.7694,54.6118
path1020,4112.54,839.124,48.5323,44.5462
path1021,4116.87,841.3,39.763,40.143
Layer1085,4023.8,807.277,54.7694,54.6118
path1022,4023.8,807.277,54.7694,54.6118
path1023,4026.92,812.512,48.5322,44.5463
path1024,4031.25,814.688,39.763,40.1431
Layer1086,3938.61,780.785,54.7694,54.6118
path1025,3938.61,780.785,54.7694,54.6118
path1026,3941.73,786.019,48.5323,44.5463
path1027,3946.06,788.195,39.763,40.143
Layer1087,3853.32,753.821,54.7694,54.6118
path1028,3853.32,753.821,54.7694,54.6118
path1029,3856.44,759.055,48.5323,44.5462
path1030,3860.77,761.231,39.763,40.143
Layer1088,3769.27,727.917,54.7694,54.6118
path1031,3769.27,727.917,54.7694,54.6118
path1032,3772.39,733.152,48.5323,44.5463
path1033,3776.72,735.328,39.7631,40.143
Layer1089,3684.13,701.068,54.7694,54.6118
path1034,3684.13,701.068,54.7694,54.6118
path1035,3687.24,706.303,48.5322,44.5462
path1036,3691.57,708.479,39.763,40.143
path1037,212.814,803.701,4166.4,0.755867
Layer1090,2286.76,1844.27,43.8299,52.614
path1038,2286.76,1844.27,43.8299,52.614
path1039,2308.36,1859.38,12.6746,28.7392
path1040,2295.29,1853.6,12.4357,28.5682
Layer1091,560.572,2235.47,31.3867,45.662
path1041,560.572,2235.47,31.3867,45.662
path1042,570.058,2242.44,1.05543,30.8707
path1043,584.564,2243,0.896392,30.6208
path1044,971.068,1669.16,1065.85,360.357
path1045,2217.21,1828.74,156.755,72.2624
path1046,1877.92,2718.63,10.9606,10.959
path1047,591.643,1717.65,605.326,442.865
path1048,1213.29,2515.92,202.134,193.253
path1049,1663.36,2659.59,10.9606,10.9589
path1050,1434.07,2626.95,10.9606,10.959
path1051,1212.63,2719.59,10.9607,10.959
path1052,959.515,2740.07,10.9607,10.959
path1053,1132.31,2541.99,10.9606,10.9589
path1054,1516.46,2091.43,10.9606,10.9589
path1055,1793.44,2068.87,10.9606,10.959
path1056,1702.23,2389.35,10.9607,10.959
path1057,1171.67,2016.39,10.9607,10.9589
path1058,591.249,4460.56,1473.04,168.071
path1059,3577.09,3248.69,705.444,299.776
path1060,2526.02,1165.41,705.097,299.776
Layer1092,4009.04,3401.08,64.8954,47.6835
path1061,4046.57,3401.08,7.05385,47.6835
path1062,4026.26,3421.39,47.6834,7.05385
path1063,4030.87,3405.36,38.4875,39.0746
path1064,4009.04,3423.9,11.2008,11.2005
Layer1093,3923.8,3374.21,64.8954,47.6835
path1065,3961.33,3374.21,7.05385,47.6835
path1066,3941.01,3394.53,47.6834,7.05385
path1067,3945.63,3378.49,38.4875,39.0746
path1068,3923.8,3397.03,11.2008,11.2005
Layer1094,3838.68,3347.66,64.8953,47.6834
path1069,3876.21,3347.66,7.05372,47.6834
path1070,3855.89,3367.98,47.6834,7.05372
path1071,3860.51,3351.94,38.4875,39.0746
path1072,3838.68,3370.48,11.2007,11.2005
Layer1095,3754.36,3321.83,64.8953,47.6835
path1073,3791.89,3321.83,7.05385,47.6835
path1074,3771.57,3342.15,47.6834,7.05385
path1075,3776.19,3326.11,38.4875,39.0746
path1076,3754.36,3344.66,11.2007,11.2005
path1077,3367.63,2718.63,10.9607,10.959
path1078,3153.07,2659.59,10.9607,10.9589
path1079,2923.79,2626.95,10.9607,10.959
path1080,2702.34,2719.59,10.9606,10.959
path1081,2449.23,2740.07,10.9606,10.959
path1082,2622.02,2541.99,10.9606,10.9589
path1083,3006.18,2091.43,10.9607,10.9589
path1084,3283.15,2068.87,10.9607,10.959
path1085,3191.94,2389.35,10.9606,10.959
path1086,2661.38,2016.39,10.9606,10.9589
Layer1096,2513.35,2701.09,41.3363,41.3363
path1087,2513.35,2721.19,41.3363,0.756
path1088,2533.45,2701.09,0.756,41.3363
Layer1097,2692.59,2502.52,41.3363,41.3363
path1089,2692.59,2522.62,41.3363,0.756
path1090,2712.69,2502.52,0.756,41.3363
path1091,3099.14,2112.22,10.4009,10.4009
path1092,3098.99,2394.53,10.4008,10.4008
path1093,2765.58,2112.22,10.4008,10.4009
path1094,2765.34,2394.53,10.4008,10.4008
path1095,2698.53,2126.37,144.665,264.757
path1096,1609.33,939.969,10.4009,10.4008
Layer1098,1792.55,613.432,12.7135,12.6797
path1097,1793.8,614.864,10.2329,9.84021
path1098,1793.8,614.864,10.2329,9.84021
path1099,1792.55,613.432,12.7135,12.6797
path1100,1793.97,614.856,9.81681,9.87521
Layer1099,1792.55,613.432,12.7135,12.6797
path1101,1792.55,613.432,12.7135,12.6797
path1102,1793.97,614.856,9.81681,9.87521
Layer1100,1515.59,636.006,12.7135,12.6797
path1103,1516.84,637.438,10.2329,9.84026
path1104,1516.84,637.438,10.2329,9.84026
path1105,1515.59,636.006,12.7135,12.6797
path1106,1517.01,637.43,9.81681,9.87521
Layer1101,1515.59,636.006,12.7135,12.6797
path1107,1515.59,636.006,12.7135,12.6797
path1108,1517.01,637.43,9.81681,9.87521
Layer1102,1608.27,656.514,12.7135,12.6797
path1109,1609.52,657.946,10.2329,9.8402
path1110,1609.52,657.946,10.2329,9.8402
path1111,1608.27,656.514,12.7135,12.6797
path1112,1609.7,657.937,9.81681,9.8752
Layer1103,1608.27,656.514,12.7135,12.6797
path1113,1608.27,656.514,12.7135,12.6797
path1114,1609.7,657.937,9.81681,9.8752
Layer1104,1274.71,656.499,12.7135,12.6796
path1115,1275.96,657.931,10.2328,9.84028
path1116,1275.96,657.931,10.2328,9.84028
path1117,1274.71,656.499,12.7135,12.6796
path1118,1276.13,657.923,9.81693,9.87508
Layer1105,1274.71,656.499,12.7135,12.6796
path1119,1274.71,656.499,12.7135,12.6796
path1120,1276.13,657.923,9.81693,9.87508
Layer1106,1170.78,560.954,12.7135,12.6795
path1121,1172.03,562.386,10.2329,9.84028
path1122,1172.03,562.386,10.2329,9.84028
path1123,1170.78,560.954,12.7135,12.6795
path1124,1172.2,562.377,9.81681,9.87508
Layer1107,1170.78,560.954,12.7135,12.6795
path1125,1170.78,560.954,12.7135,12.6795
path1126,1172.2,562.377,9.81681,9.87508
Layer1108,1274.46,938.815,12.7135,12.6797
path1127,1275.71,940.247,10.2328,9.84021
path1128,1275.71,940.247,10.2328,9.84021
path1129,1274.46,938.815,12.7135,12.6797
path1130,1275.88,940.239,9.81693,9.87521
Layer1109,1274.46,938.815,12.7135,12.6797
path1131,1274.46,938.815,12.7135,12.6797
path1132,1275.88,940.239,9.81693,9.87521
Layer1110,1608.16,938.815,12.7135,12.6797
path1133,1609.41,940.247,10.2328,9.84021
path1134,1609.41,940.247,10.2328,9.84021
path1135,1608.16,938.815,12.7135,12.6797
path1136,1609.58,940.239,9.81681,9.87521
Layer1111,1608.16,938.815,12.7135,12.6797
path1137,1608.16,938.815,12.7135,12.6797
path1138,1609.58,940.239,9.81681,9.87521
Layer1112,1701.35,933.927,12.7135,12.6796
path1139,1702.6,935.36,10.2329,9.84028
path1140,1702.6,935.36,10.2329,9.84028
path1141,1701.35,933.927,12.7135,12.6796
path1142,1702.78,935.351,9.81681,9.87508
Layer1113,1701.35,933.927,12.7135,12.6796
path1143,1701.35,933.927,12.7135,12.6796
path1144,1702.78,935.351,9.81681,9.87508
Layer1114,1877.04,1263.21,12.7135,12.6797
path1145,1878.29,1264.64,10.2328,9.8402
path1146,1878.29,1264.64,10.2328,9.8402
path1147,1877.04,1263.21,12.7135,12.6797
path1148,1878.46,1264.63,9.81681,9.87521
Layer1115,1877.04,1263.21,12.7135,12.6797
path1149,1877.04,1263.21,12.7135,12.6797
path1150,1878.46,1264.63,9.81681,9.87521
Layer1116,1662.51,1204.15,12.7135,12.6797
path1151,1663.76,1205.58,10.2329,9.84028
path1152,1663.76,1205.58,10.2329,9.84028
path1153,1662.51,1204.15,12.7135,12.6797
path1154,1663.93,1205.57,9.81681,9.87521
Layer1117,1662.51,1204.15,12.7135,12.6797
path1155,1662.51,1204.15,12.7135,12.6797
path1156,1663.93,1205.57,9.81681,9.87521
Layer1118,1433.19,1171.51,12.7135,12.6797
path1157,1434.44,1172.94,10.2329,9.84021
path1158,1434.44,1172.94,10.2329,9.84021
path1159,1433.19,1171.51,12.7135,12.6797
path1160,1434.61,1172.94,9.81681,9.8752
Layer1119,1433.19,1171.51,12.7135,12.6797
path1161,1433.19,1171.51,12.7135,12.6797
path1162,1434.61,1172.94,9.81681,9.8752
Layer1120,1211.78,1264.15,12.7135,12.6797
path1163,1213.02,1265.58,10.2329,9.84028
path1164,1213.02,1265.58,10.2329,9.84028
path1165,1211.78,1264.15,12.7135,12.6797
path1166,1213.2,1265.57,9.81681,9.87521
Layer1121,1211.78,1264.15,12.7135,12.6797
path1167,1211.78,1264.15,12.7135,12.6797
path1168,1213.2,1265.57,9.81681,9.87521
Layer1122,958.639,1284.65,12.7135,12.6797
path1169,959.889,1286.08,10.2329,9.84021
path1170,959.889,1286.08,10.2329,9.84021
path1171,958.639,1284.65,12.7135,12.6797
path1172,960.061,1286.07,9.81681,9.87509
Layer1123,958.639,1284.65,12.7135,12.6797
path1173,958.639,1284.65,12.7135,12.6797
path1174,960.061,1286.07,9.81681,9.87509
Layer1124,1131.46,1086.55,12.7135,12.6797
path1175,1132.71,1087.98,10.2329,9.84028
path1176,1132.71,1087.98,10.2329,9.84028
path1177,1131.46,1086.55,12.7135,12.6797
path1178,1132.88,1087.97,9.81681,9.87521
Layer1125,1131.46,1086.55,12.7135,12.6797
path1179,1131.46,1086.55,12.7135,12.6797
path1180,1132.88,1087.97,9.81681,9.87521
path1181,3703.57,3803.27,10.7998,45.4455
path1182,3703.57,4263.62,10.7998,45.4454
path1183,3773.73,4279.56,45.8485,53.6666
path1184,3857.21,4298.85,45.8484,53.6666
path1185,3940.92,4318.18,45.8483,53.6667
path1186,4024.41,4337.44,45.8483,53.6667
path1187,4109.13,4357.02,45.8485,53.6666
path1188,591.249,3777.26,1473.04,168.071
path1189,717.311,3835.02,51.9253,60.4253
path1190,721.749,3840.14,43.1761,50.1372
path1191,727.332,3846.68,31.9122,37.0958
path1192,717.178,3834.78,52.4223,60.9006
Layer1126,1001.47,2107.88,163.623,301.625
Layer1127,1001.61,2107.88,48,48
Layer1128,1009.61,2115.99,32.0003,31.8799
path1193,1009.61,2115.99,32.0003,31.8799
path1194,1014.93,2121.2,21.3534,21.3534
path1195,1021.67,2127.94,7.87322,7.87323
Layer1129,1001.61,2107.88,48,48
path1196,1001.61,2131.5,48,0.755867
path1197,1025.23,2107.88,0.755867,48
Layer1130,1117.09,2107.88,48,48
Layer1131,1125.09,2115.99,32.0003,31.88
path1198,1125.09,2115.99,32.0003,31.88
path1199,1130.41,2121.2,21.3534,21.3534
path1200,1137.15,2127.94,7.87309,7.87309
Layer1132,1117.09,2107.88,48,48
path1201,1117.09,2131.5,48,0.755867
path1202,1140.71,2107.88,0.755867,48
Layer1133,1116.94,2361.5,48,48
Layer1134,1124.94,2369.61,32.0002,31.88
path1203,1124.94,2369.61,32.0002,31.88
path1204,1130.27,2374.82,21.3534,21.3534
path1205,1137.01,2381.56,7.87322,7.87323
Layer1135,1116.94,2361.5,48,48
path1206,1116.94,2385.12,48,0.755867
path1207,1140.56,2361.5,0.755867,48
Layer1136,1001.47,2361.5,48,48
Layer1137,1009.47,2369.61,32.0003,31.88
path1208,1009.47,2369.61,32.0003,31.88
path1209,1014.79,2374.83,21.3534,21.3534
path1210,1021.53,2381.57,7.87322,7.87323
Layer1138,1001.47,2361.5,48,48
path1211,1001.47,2385.12,48,0.755867
path1212,1025.09,2361.5,0.755867,48
Layer1139,1001.61,2234.64,48,48
Layer1140,1009.61,2242.76,32.0003,31.88
path1213,1009.61,2242.76,32.0003,31.88
path1214,1014.93,2247.97,21.3534,21.3534
path1215,1021.67,2254.71,7.87322,7.87323
Layer1141,1001.61,2234.64,48,48
path1216,1001.61,2258.27,48,0.755867
path1217,1025.23,2234.64,0.755867,48
Layer1142,1066.7,2149.84,19.4993,19.4993
path1218,1070.82,2154.17,11.2591,10.7515
Layer1143,1066.7,2149.84,19.4993,19.4993
path1219,1066.7,2159.21,19.4993,0.755867
path1220,1076.07,2149.84,0.755867,19.4993
Layer1144,1066.7,2189.24,19.4993,19.4993
path1221,1070.82,2193.58,11.2591,10.7514
Layer1145,1066.7,2189.24,19.4993,19.4993
path1222,1066.7,2198.62,19.4993,0.755867
path1223,1076.07,2189.24,0.755867,19.4993
Layer1146,1066.7,2229,19.4993,19.4993
path1224,1070.82,2233.34,11.2591,10.7515
Layer1147,1066.7,2229,19.4993,19.4993
path1225,1066.7,2238.38,19.4993,0.755867
path1226,1076.07,2229,0.755867,19.4993
Layer1148,1066.7,2269.14,19.4993,19.4993
path1227,1070.82,2273.47,11.2591,10.7514
Layer1149,1066.7,2269.14,19.4993,19.4993
path1228,1066.7,2278.51,19.4993,0.755867
path1229,1076.07,2269.14,0.755867,19.4993
Layer1150,1066.7,2308.92,19.4993,19.4993
path1230,1070.82,2313.26,11.2591,10.7514
Layer1151,1066.7,2308.92,19.4993,19.4993
path1231,1066.7,2318.3,19.4993,0.755867
path1232,1076.07,2308.92,0.755867,19.4993
Layer1152,1066.7,2348.68,19.4993,19.4993
path1233,1070.82,2353.02,11.2591,10.7515
Layer1153,1066.7,2348.68,19.4993,19.4993
path1234,1066.7,2358.05,19.4993,0.755867
path1235,1076.07,2348.68,0.755867,19.4993
path1236,2431.41,1984.18,1082.59,810.828
path1237,2436.4,1989.65,1065.38,800.493
path1238,1117.13,3743.5,9.05639,22.2539
path1239,1118.16,3760.8,8.0808,2.13147
path1240,1118.23,3761.74,8.06813,2.16347
path1241,1118.37,3763.49,8.05867,2.16547
path1242,1118.04,3758.99,8.05613,2.12813
path1243,1118.3,3762.63,8.0724,2.166
path1244,1118.1,3759.95,8.0684,2.13187
path1245,1117.95,3758.02,8.0884,2.164
path1246,1117.68,3754.47,8.0808,2.13147
path1247,1117.76,3755.4,8.06813,2.16347
path1248,1117.89,3757.15,8.0588,2.1656
path1249,1117.56,3752.66,8.056,2.12813
path1250,1117.82,3756.29,8.07253,2.166
path1251,1117.62,3753.62,8.0684,2.13173
path1252,1117.47,3751.69,8.08827,2.16413
path1253,1117.52,3750.72,8.056,2.12813
path1254,1117.43,3749.75,8.08827,2.16413
path1255,1117.17,3746.2,8.0808,2.13147
path1256,1117.24,3747.13,8.06813,2.16347
path1257,1117.37,3748.88,8.0588,2.1656
path1258,1117.05,3744.39,8.056,2.12813
path1259,1117.31,3748.02,8.0724,2.166
path1260,1117.11,3745.35,8.0684,2.13187
path1261,1116.95,3743.41,8.08827,2.164
path1262,1053.6,3734.91,76.2024,26.7562
path1263,1014.27,3750.26,41.1436,9.34995
path1264,1032.65,3748.48,8.94437,12.2966
path1265,1047.97,3747.73,6.92852,12.2511
path1266,1042.87,3747.91,8.95174,12.2976
path1267,1037.91,3748.18,8.95441,12.2985
path1268,1027.5,3748.93,8.95378,12.2974
path1269,1022.57,3749.16,8.95488,12.2951
path1270,1017.46,3749.38,8.95174,12.2978
path1271,1012.51,3749.65,8.95439,12.2984
path1272,995.303,3746.48,9.1474,21.7202
path1273,1052.71,3756.3,2.82579,3.1399
path1274,1002.87,3743.39,159.913,34.3064
path1275,940.89,3771.26,1083.12,6.43613
Layer1154,1066.48,4599.41,31.8415,30.8566
path1276,1066.97,4599.97,31.1017,27.5414
path1277,1066.75,4629.92,31.3715,0.341067
path1278,1066.48,4599.9,4.89589,27.2889
path1279,1066.56,4627.02,31.7619,3.07606
path1280,1070.88,4599.41,21.9958,0.82253
path1281,1079.68,4460.74,5.9104,139.453
path1282,3554.97,3736.11,21.8085,35.779
Layer1155,4202.55,2259.18,193.521,144.966
path1283,4202.55,2259.18,193.521,144.966
path1284,4373.04,2347.98,10.9607,10.959
path1285,4208.12,2273.57,10.9607,10.9589
path1286,4208.12,2380.24,10.9607,10.959
path1287,4202.55,2262.21,188.918,138.377
Layer1156,3577,731.767,193.521,144.966
path1288,3577,731.767,193.521,144.966
path1289,3747.49,820.562,10.9607,10.959
path1290,3582.57,746.152,10.9607,10.959
path1291,3582.57,852.819,10.9607,10.959
path1292,3577,734.791,188.918,138.377
path1293,2354.49,2909.37,24.5803,24.5803
path1294,2354.49,3008.67,24.5803,24.5803
path1295,1723.55,2905.03,24.5803,24.5803
path1296,1723.55,3013.19,24.5803,24.5803
path1297,1843.5,2959.08,24.5803,24.5803
path1298,1935.34,2959.08,24.5803,24.5803
path1299,2038.56,2959.08,24.5803,24.5803
path1300,2153.9,2959.08,24.5803,24.5803
path1301,2593.1,2959.08,24.5803,24.5803
path1302,2776.62,2959.08,24.5803,24.5803
path1303,2982.86,2959.08,24.5803,24.5803
path1304,3213.74,2959.08,24.5803,24.5803
Layer1157,1723.55,737.751,1514.77,132.741
path1305,2354.49,742.09,24.5803,24.5803
path1306,2354.49,841.399,24.5803,24.5803
path1307,1723.55,737.751,24.5803,24.5803
path1308,1723.55,845.911,24.5803,24.5803
path1309,1843.5,791.799,24.5803,24.5803
path1310,1935.34,791.799,24.5803,24.5803
path1311,2038.56,791.799,24.5803,24.5803
path1312,2153.9,791.799,24.5803,24.5803
path1313,2593.1,791.799,24.5803,24.5803
path1314,2776.62,791.799,24.5803,24.5803
path1315,2982.86,791.799,24.5803,24.5803
path1316,3213.74,791.799,24.5803,24.5803
path1317,1205.71,4460.59,151.148,53.0025
path1318,1538.73,4460.59,151.067,53.0025
path1319,1356.48,4512.81,182.618,0.78249
Layer1158,3581.69,745.292,12.7135,12.6797
path1320,3582.94,746.725,10.2329,9.84021
path1321,3582.94,746.725,10.2329,9.84021
path1322,3581.69,745.292,12.7135,12.6797
path1323,3583.11,746.716,9.81681,9.87521
Layer1159,3581.69,745.292,12.7135,12.6797
path1324,3581.69,745.292,12.7135,12.6797
path1325,3583.11,746.716,9.81681,9.87521
Layer1160,3746.61,819.703,12.7135,12.6797
path1326,3747.86,821.135,10.2328,9.84028
path1327,3747.86,821.135,10.2328,9.84028
path1328,3746.61,819.703,12.7135,12.6797
path1329,3748.04,821.126,9.8168,9.87521
Layer1161,3746.61,819.703,12.7135,12.6797
path1330,3746.61,819.703,12.7135,12.6797
path1331,3748.04,821.126,9.8168,9.87521
Layer1162,3581.68,851.944,12.7135,12.6797
path1332,3582.93,853.377,10.2329,9.84026
path1333,3582.93,853.377,10.2329,9.84026
path1334,3581.68,851.944,12.7135,12.6797
path1335,3583.1,853.368,9.81681,9.87521
Layer1163,3581.68,851.944,12.7135,12.6797
path1336,3581.68,851.944,12.7135,12.6797
path1337,3583.1,853.368,9.81681,9.87521
