svg2,100,100,4292.72,4094.56
path4,1092.86,3371.07,138.768,48.6613
path6,1398.59,3371.07,138.693,48.6613
path8,1231.28,3419,167.66,0.736651
g10,1099,3345.66,126.601,70.459
path12,1185.44,3381.73,13.5473,13.5473
path14,1185.44,3381.73,13.5473,13.5473
path16,1116.89,3345.66,26.89,19.854
path18,1124.95,3371.78,12.269,33.8982
path20,1124.95,3371.78,12.269,33.8982
path22,1125.23,3372.25,11.718,3.11604
path24,1125.38,3374.84,11.7184,3.11629
path26,1125.23,3377.27,11.718,3.11641
path28,1125.38,3379.86,11.7184,3.11738
path30,1125.23,3382.3,11.718,3.11629
path32,1125.38,3384.89,11.7184,3.11641
path34,1125.23,3387.33,11.718,3.11629
path36,1125.38,3389.91,11.7184,3.11641
path38,1125.23,3392.35,11.7181,3.11738
path40,1125.38,3394.94,11.7184,3.11605
path42,1125.23,3397.38,11.718,3.11532
path44,1125.38,3399.97,11.7184,3.11629
path46,1125.38,3402.4,11.7184,3.1175
path48,1140.85,3393.21,44.203,21.0181
path50,1099,3379.44,126.601,15.078
path52,1099,3379.44,126.601,15.078
path54,1182.65,3378.62,19.8748,14.9343
path56,1182.65,3378.62,19.8737,14.9328
path58,1121.04,3376.89,20.28,16.4042
path60,1121.04,3376.89,20.28,16.4042
path62,1140.62,3379.74,42.3153,13.7507
path64,1101.25,3379.59,13.9561,13.9537
path66,1203.87,3379.95,19.8709,13.1382
path68,1140.85,3413.02,44.203,3.10425
path70,1140.85,3413.02,44.203,3.10425
path72,1104.65,3347.45,53.9431,31.9093
path74,1104.65,3347.45,53.9431,31.9093
path76,1101.59,3347.45,60.6758,7.42661
path78,1101.59,3347.45,60.6758,7.42661
path80,1101.59,3373.16,60.6758,7.42637
path82,1101.59,3373.16,60.6758,7.42637
path84,1165.25,3347.45,53.9431,31.9093
path86,1165.25,3347.45,53.9431,31.9093
path88,1162.19,3347.45,60.6758,7.42661
path90,1162.19,3347.45,60.6758,7.42661
path92,1162.19,3373.16,60.6758,7.42637
path94,1162.19,3373.16,60.6758,7.42637
g96,1406.91,3345.66,126.601,70.459
path98,1433.52,3381.73,13.5473,13.5473
path100,1433.52,3381.73,13.5473,13.5473
path102,1488.73,3345.66,26.89,19.854
path104,1495.29,3371.78,12.2691,33.8982
path106,1495.29,3371.78,12.2691,33.8982
path108,1495.56,3372.25,11.7181,3.11605
path110,1495.41,3374.84,11.7184,3.11629
path112,1495.56,3377.27,11.7181,3.11641
path114,1495.41,3379.86,11.7184,3.11738
path116,1495.56,3382.3,11.7181,3.11629
path118,1495.41,3384.89,11.7184,3.11641
path120,1495.56,3387.33,11.7181,3.11629
path122,1495.41,3389.91,11.7184,3.11641
path124,1495.56,3392.35,11.7182,3.11738
path126,1495.41,3394.94,11.7184,3.11605
path128,1495.56,3397.38,11.7181,3.11532
path130,1495.41,3399.97,11.7184,3.11629
path132,1495.41,3402.4,11.7184,3.1175
path134,1447.46,3393.21,44.203,21.0181
path136,1406.91,3379.44,126.601,15.0772
path138,1406.91,3379.44,126.601,15.0772
path140,1429.99,3378.62,19.8748,14.9343
path142,1429.99,3378.62,19.8737,14.9328
path144,1491.19,3376.89,20.28,16.4042
path146,1491.19,3376.89,20.28,16.4042
path148,1449.57,3379.74,42.3153,13.7507
path150,1517.31,3379.59,13.9561,13.9537
path152,1408.77,3379.95,19.8709,13.1382
path154,1447.46,3413.02,44.203,3.10425
path156,1447.46,3413.02,44.203,3.10425
path158,1473.92,3347.45,53.9431,31.9093
path160,1473.92,3347.45,53.9431,31.9093
path162,1470.24,3347.45,60.6758,7.42661
path164,1470.24,3347.45,60.6758,7.42661
path166,1470.24,3373.16,60.6758,7.42637
path168,1470.24,3373.16,60.6758,7.42637
path170,1413.32,3347.45,53.9431,31.9093
path172,1413.32,3347.45,53.9431,31.9093
path174,1409.65,3347.45,60.6758,7.42661
path176,1409.65,3347.45,60.6758,7.42661
path178,1409.65,3373.16,60.6758,7.42637
path180,1409.65,3373.16,60.6758,7.42637
g182,3353.2,3343.62,92.4018,132.595
path184,3380.87,3443.62,64.7362,30.6797
path186,3391.1,3370.46,25.9194,28.3882
path188,3364.64,3442.55,37.7062,25.2804
path190,3365.29,3443.32,36.484,23.7561
path192,3368.39,3444.02,30.276,22.3627
path194,3371.04,3444.61,24.9706,21.1719
path196,3375.95,3445.71,15.1656,18.9712
path198,3378.51,3446.29,10.0369,17.82
path200,3361.05,3432.48,70.9714,43.409
path202,3375.78,3392.34,42.3467,49.8203
path204,3376.9,3387.09,49.8708,14.9526
path206,3376.9,3387.09,49.871,14.9526
path208,3391.12,3384.01,23.5607,11.6128
path210,3391.12,3384.01,23.5607,11.6132
path212,3412.62,3388.84,12.8124,9.20084
path214,3412.62,3388.84,12.8122,9.19998
path216,3380.37,3381.6,12.8098,9.20145
path218,3380.37,3381.6,12.8106,9.20072
path220,3396.57,3347.49,25.5351,28.1822
path222,3401.82,3344.3,20.9981,8.27834
path224,3402.54,3343.62,20.2822,5.7747
path226,3405.94,3357.93,6.93399,6.94578
path228,3404.08,3450.12,18.1441,18.1438
path230,3362.46,3463.58,50.1095,12.629
path232,3353.2,3429.39,15.474,8.30038
g234,3427.94,3360.87,92.4018,132.595
path236,3455.6,3460.87,64.7362,30.6796
path238,3465.84,3387.71,25.9193,28.3882
path240,3439.37,3459.8,37.7062,25.2803
path242,3440.02,3460.57,36.484,23.7561
path244,3443.12,3461.27,30.276,22.3627
path246,3445.78,3461.86,24.9706,21.172
path248,3450.68,3462.96,15.1656,18.9712
path250,3453.24,3463.54,10.0369,17.82
path252,3435.78,3449.73,70.9714,43.4089
path254,3450.51,3409.59,42.3467,49.8203
path256,3451.63,3404.33,49.8708,14.9527
path258,3451.63,3404.34,49.871,14.9526
path260,3465.85,3401.26,23.5607,11.6128
path262,3465.85,3401.26,23.5607,11.6131
path264,3487.35,3406.09,12.8124,9.20084
path266,3487.35,3406.09,12.8122,9.19998
path268,3455.11,3398.85,12.8098,9.20133
path270,3455.11,3398.85,12.8106,9.20072
path272,3471.3,3364.74,25.5351,28.1823
path274,3476.55,3361.55,20.9981,8.27834
path276,3477.27,3360.87,20.2822,5.77481
path278,3480.67,3375.18,6.93399,6.94574
path280,3478.81,3467.37,18.1441,18.1439
path282,3437.19,3480.83,50.1095,12.6289
path284,3427.94,3446.64,15.474,8.3005
g286,3504.69,3378.88,92.4018,132.595
path288,3532.36,3478.88,64.7364,30.6796
path290,3542.59,3405.72,25.9193,28.3882
path292,3516.12,3477.81,37.7062,25.2803
path294,3516.77,3478.58,36.4841,23.7561
path296,3519.88,3479.27,30.276,22.3628
path298,3522.53,3479.87,24.9706,21.1719
path300,3527.43,3480.97,15.1656,18.9712
path302,3530,3481.55,10.0369,17.82
path304,3512.53,3467.73,70.9714,43.4089
path306,3527.27,3427.6,42.3467,49.8203
path308,3528.39,3422.34,49.8708,14.9526
path310,3528.39,3422.34,49.8711,14.9526
path312,3542.61,3419.27,23.5607,11.6128
path314,3542.61,3419.27,23.5607,11.6131
path316,3564.11,3424.1,12.8124,9.20084
path318,3564.11,3424.1,12.8122,9.19998
path320,3531.86,3416.86,12.8098,9.20133
path322,3531.86,3416.86,12.8106,9.20072
path324,3548.05,3382.75,25.5351,28.1823
path326,3553.31,3379.56,20.9981,8.27834
path328,3554.02,3378.88,20.2822,5.77481
path330,3557.43,3393.19,6.93399,6.94574
path332,3555.56,3485.38,18.1441,18.1439
path334,3513.95,3498.84,50.1095,12.6289
path336,3504.69,3464.64,15.474,8.3005
g338,3581.37,3396.31,92.4018,132.595
path340,3609.04,3496.31,64.7362,30.6796
path342,3619.27,3423.15,25.9193,28.3882
path344,3592.81,3495.24,37.7062,25.2803
path346,3593.46,3496.01,36.484,23.7561
path348,3596.56,3496.71,30.276,22.3627
path350,3599.21,3497.3,24.9706,21.1719
path352,3604.12,3498.4,15.1656,18.9712
path354,3606.68,3498.98,10.0369,17.82
path356,3589.22,3485.17,70.9714,43.4089
path358,3603.95,3445.03,42.3467,49.8203
path360,3605.07,3439.78,49.8708,14.9527
path362,3605.07,3439.78,49.871,14.9526
path364,3619.29,3436.7,23.5607,11.6128
path366,3619.29,3436.7,23.5607,11.6131
path368,3640.79,3441.53,12.8124,9.20084
path370,3640.79,3441.53,12.8122,9.19998
path372,3608.54,3434.29,12.8098,9.20133
path374,3608.54,3434.29,12.8106,9.20072
path376,3624.74,3400.18,25.5351,28.1823
path378,3629.99,3396.99,20.9981,8.27834
path380,3630.71,3396.31,20.2822,5.77481
path382,3634.11,3410.62,6.93399,6.94574
path384,3632.25,3502.82,18.1441,18.1439
path386,3590.63,3516.27,50.1095,12.6289
path388,3581.37,3482.08,15.474,8.3005
g390,3658.04,3414.02,92.4018,132.595
path392,3685.71,3514.02,64.7362,30.6797
path394,3695.94,3440.86,25.9194,28.3883
path396,3669.48,3512.95,37.7062,25.2804
path398,3670.13,3513.72,36.484,23.7561
path400,3673.23,3514.41,30.276,22.3627
path402,3675.88,3515.01,24.9707,21.1719
path404,3680.79,3516.11,15.1656,18.9712
path406,3683.35,3516.69,10.0369,17.82
path408,3665.89,3502.87,70.9714,43.409
path410,3680.62,3462.74,42.3467,49.8203
path412,3681.74,3457.48,49.8708,14.9526
path414,3681.74,3457.48,49.871,14.9526
path416,3695.96,3454.41,23.5607,11.6128
path418,3695.96,3454.41,23.5607,11.6132
path420,3717.46,3459.24,12.8124,9.20084
path422,3717.46,3459.24,12.8122,9.19986
path424,3685.21,3452,12.8097,9.20145
path426,3685.21,3452,12.8108,9.20072
path428,3701.41,3417.89,25.5351,28.1822
path430,3706.66,3414.7,20.9982,8.27834
path432,3707.38,3414.02,20.2821,5.7747
path434,3710.78,3428.33,6.93399,6.94578
path436,3708.92,3520.52,18.1441,18.1438
path438,3667.3,3533.98,50.1095,12.629
path440,3658.04,3499.78,15.474,8.30038
g442,3735.45,3431.9,92.4018,132.595
path444,3763.12,3531.9,64.7362,30.6796
path446,3773.35,3458.74,25.9194,28.3883
path448,3746.89,3530.83,37.7062,25.2804
path450,3747.54,3531.6,36.484,23.7561
path452,3750.64,3532.3,30.276,22.3627
path454,3753.29,3532.89,24.9706,21.1719
path456,3758.19,3533.99,15.1656,18.9712
path458,3760.76,3534.57,10.0369,17.82
path460,3743.3,3520.76,70.9714,43.409
path462,3758.03,3480.62,42.3467,49.8203
path464,3759.15,3475.37,49.8708,14.9526
path466,3759.15,3475.37,49.871,14.9527
path468,3773.37,3472.29,23.5607,11.6128
path470,3773.37,3472.29,23.5607,11.6132
path472,3794.87,3477.12,12.8124,9.20084
path474,3794.87,3477.12,12.8122,9.19986
path476,3762.62,3469.88,12.8098,9.20145
path478,3762.62,3469.88,12.8106,9.20072
path480,3778.82,3435.77,25.5351,28.1822
path482,3784.07,3432.58,20.9981,8.27834
path484,3784.79,3431.9,20.2822,5.77472
path486,3788.19,3446.21,6.93399,6.94578
path488,3786.33,3538.4,18.1441,18.1438
path490,3744.71,3551.86,50.1095,12.629
path492,3735.45,3517.67,15.474,8.30038
path494,1536.93,3365.77,2379.37,191.214
path496,1536.93,3788.43,2379.37,191.215
path498,1537.7,3418.92,280.075,106.724
g500,1740.5,3379.86,29.8253,117.58
path502,1749.17,3379.86,11.7724,111.184
path504,1748.15,3390.4,14.4108,4.24831
path506,1748.07,3401.47,14.411,4.24341
path508,1747.99,3412.53,14.4108,4.24843
path510,1747.91,3423.6,14.4108,4.24329
path512,1747.82,3434.66,14.4108,4.24831
path514,1747.74,3445.72,14.411,4.24451
path516,1747.66,3456.78,14.4108,4.24843
path518,1747.58,3467.85,14.4108,4.24341
path520,1747.49,3478.91,14.4108,4.24831
path522,1748.16,3395.75,14.4108,4.24831
path524,1748.07,3406.82,14.411,4.24329
path526,1747.99,3417.88,14.4108,4.24831
path528,1747.91,3428.95,14.4108,4.24329
path530,1747.83,3440.01,14.4108,4.24843
path532,1747.74,3451.07,14.411,4.24464
path534,1747.66,3462.13,14.4108,4.24831
path536,1747.58,3473.2,14.4108,4.24329
path538,1747.58,3489.92,14.4108,4.24329
path540,1747.66,3484.2,14.4108,4.24831
path542,1748.15,3383.94,14.4108,4.24831
path544,1740.5,3490.56,29.8253,6.87427
path546,1727.92,3488.21,53.8034,6.9046
g548,1559.22,3379.48,29.8252,133.541
path550,1559.22,3506.15,29.8252,6.87426
path552,1567.89,3379.48,11.7724,127.547
path554,1566.87,3390.03,14.411,4.24831
path556,1566.79,3401.1,14.411,4.24341
path558,1566.71,3412.16,14.4108,4.24843
path560,1566.62,3423.22,14.411,4.24329
path562,1566.54,3434.28,14.411,4.24831
path564,1566.46,3445.35,14.4108,4.24451
path566,1566.38,3456.41,14.4108,4.24831
path568,1566.29,3467.47,14.411,4.24341
path570,1566.21,3478.53,14.411,4.24843
path572,1566.88,3395.38,14.411,4.24843
path574,1566.79,3406.45,14.4108,4.24329
path576,1566.71,3417.51,14.4108,4.24831
path578,1566.63,3428.57,14.411,4.24329
path580,1566.54,3439.63,14.4108,4.24843
path582,1566.46,3450.7,14.4108,4.24464
path584,1566.38,3461.76,14.4108,4.24831
path586,1566.3,3472.82,14.411,4.24329
path588,1566.29,3489.54,14.411,4.24329
path590,1566.21,3500.6,14.411,4.24831
path592,1566.38,3483.83,14.4108,4.24831
path594,1566.3,3494.89,14.411,4.24329
path596,1566.87,3383.56,14.411,4.24831
path598,1546.64,3503.23,53.8034,6.9047
path600,1536.57,716.333,149.24,23.5397
path602,528.375,100,1566.69,1074.96
path604,1536.57,542.715,265.355,24.9778
g606,1546.83,551.889,54.5356,54.5509
g608,1555.32,560.336,37.6034,37.6033
path610,1555.32,579.139,37.6034,0
path612,1574.12,560.336,0,37.6033
path614,1546.83,551.889,54.5356,54.5509
g616,1546.83,674.111,54.5356,54.5509
g618,1555.32,682.558,37.6034,37.6034
path620,1555.32,701.361,37.6034,0
path622,1574.12,682.558,0,37.6034
path624,1546.83,674.111,54.5356,54.5509
g626,1728.24,551.889,54.5356,54.5509
g628,1736.74,560.336,37.6034,37.6033
path630,1736.74,579.139,37.6034,0
path632,1755.54,560.336,0,37.6033
path634,1728.24,551.889,54.5356,54.5509
g636,1658.37,658.508,54.5356,54.5509
g638,1666.86,666.954,37.6033,37.6034
path640,1666.86,685.758,37.6033,0
path642,1685.66,666.954,0,37.6034
path644,1658.37,658.508,54.5356,54.5509
path646,1536.59,3371.01,344.514,48.7209
path648,1536.93,3343.49,1713.2,22.2515
path650,1536.57,2944.85,1734.12,172.527
path652,1817.42,3404.09,99.1703,15.0327
path654,1092.81,1813.75,444.592,326.312
path656,889.393,2105.33,395.976,350.934
path658,1536.57,2920.22,1734.29,25.3246
path660,2827.07,973.343,157.602,274.633
path662,1536.57,1878.18,265.355,24.978
path664,1536.57,2051.8,151.948,23.5398
g666,1546.83,1887.36,54.5356,54.5509
g668,1555.32,1895.8,37.6034,37.6034
path670,1555.32,1914.61,37.6034,0
path672,1574.12,1895.8,0,37.6034
path674,1546.83,1887.36,54.5356,54.5509
g676,1546.83,2009.58,54.5356,54.5509
g678,1555.32,2018.02,37.6034,37.6034
path680,1555.32,2036.83,37.6034,0
path682,1574.12,2018.02,0,37.6034
path684,1546.83,2009.58,54.5356,54.5509
g686,1728.24,1887.36,54.5356,54.5509
g688,1736.74,1895.8,37.6034,37.6034
path690,1736.74,1914.61,37.6034,0
path692,1755.54,1895.8,0,37.6034
path694,1728.24,1887.36,54.5356,54.5509
g696,1658.37,1993.97,54.5356,54.5509
g698,1666.86,2002.42,37.6033,37.6033
path700,1666.86,2021.22,37.6033,0
path702,1685.66,2002.42,0,37.6033
path704,1658.37,1993.97,54.5356,54.5509
path706,528.375,1435.42,1566.69,1074.96
g708,1546.83,2929.4,54.5356,54.5509
g710,1555.32,2937.84,37.6034,37.6034
path712,1555.32,2956.65,37.6034,0
path714,1574.12,2937.84,0,37.6034
path716,1546.83,2929.4,54.5356,54.5509
g718,1546.83,3051.62,54.5356,54.5509
g720,1555.32,3060.06,37.6034,37.6034
path722,1555.32,3078.87,37.6034,0
path724,1574.12,3060.06,0,37.6034
path726,1546.83,3051.62,54.5356,54.5509
g728,1728.24,2929.4,54.5356,54.5509
g730,1736.74,2937.84,37.6034,37.6034
path732,1736.74,2956.65,37.6034,0
path734,1755.54,2937.84,0,37.6034
path736,1728.24,2929.4,54.5356,54.5509
g738,1658.37,3036.01,54.5356,54.5509
g740,1666.86,3044.46,37.6033,37.6034
path742,1666.86,3063.26,37.6033,0
path744,1685.66,3044.46,0,37.6034
path746,1658.37,3036.01,54.5356,54.5509
path748,1688.35,2923.69,129.614,191.392
path750,1817.42,3827,99.1702,15.0329
path752,1536.59,3998.26,280.844,48.723
path754,1537.7,4046.17,280.075,106.724
g756,1741.5,4007.11,28.8385,117.58
path758,1749.17,4007.11,11.7708,111.183
path760,1748.15,4017.66,14.0639,4.07168
path762,1748.07,4028.72,14.064,4.06718
path764,1747.99,4039.78,14.0639,4.07157
path766,1747.91,4050.85,14.0639,4.0671
path768,1747.82,4061.91,14.0639,4.07157
path770,1747.74,4072.97,14.064,4.06816
path772,1747.66,4084.03,14.0639,4.07168
path774,1747.58,4095.1,14.0639,4.06721
path776,1747.49,4106.16,14.0639,4.07157
path778,1748.16,4023.01,14.0639,4.07157
path780,1748.07,4034.07,14.064,4.06707
path782,1747.99,4045.13,14.0639,4.07157
path784,1747.91,4056.2,14.0639,4.06721
path786,1747.83,4067.26,14.0639,4.07168
path788,1747.74,4078.32,14.064,4.06827
path790,1747.66,4089.38,14.0639,4.07157
path792,1747.58,4100.45,14.0639,4.0671
path794,1747.58,4117.17,14.0639,4.0671
path796,1747.66,4111.45,14.0639,4.07157
path798,1748.15,4011.19,14.0639,4.07157
path800,1741.5,4117.99,28.8385,6.69484
path802,1727.92,4115.46,53.8034,6.9046
g804,1560.22,4006.74,28.8385,133.541
path806,1560.22,4133.58,28.8385,6.69496
path808,1567.89,4006.74,11.7724,127.547
path810,1566.87,4017.28,14.064,4.07154
path812,1566.79,4028.35,14.064,4.06718
path814,1566.71,4039.41,14.0639,4.07168
path816,1566.62,4050.47,14.064,4.06707
path818,1566.54,4061.53,14.064,4.07154
path820,1566.46,4072.6,14.0639,4.06819
path822,1566.38,4083.66,14.0639,4.07157
path824,1566.29,4094.72,14.064,4.06718
path826,1566.21,4105.78,14.064,4.07165
path828,1566.88,4022.63,14.064,4.07154
path830,1566.79,4033.7,14.0639,4.0671
path832,1566.71,4044.76,14.0639,4.07157
path834,1566.63,4055.82,14.064,4.06707
path836,1566.54,4066.88,14.0639,4.07168
path838,1566.46,4077.95,14.0639,4.0683
path840,1566.38,4089.01,14.0639,4.07157
path842,1566.3,4100.07,14.064,4.06707
path844,1566.29,4116.8,14.064,4.06707
path846,1566.21,4127.86,14.064,4.07154
path848,1566.38,4111.08,14.0639,4.07157
path850,1566.3,4122.15,14.064,4.06718
path852,1566.87,4010.81,14.064,4.07154
path854,1546.64,4130.48,53.8034,6.9047
g856,1671.6,3379.86,29.8253,117.58
path858,1680.27,3379.86,11.7724,111.184
path860,1679.25,3390.4,14.4108,4.24831
path862,1679.17,3401.47,14.411,4.24341
path864,1679.09,3412.53,14.4108,4.24843
path866,1679,3423.6,14.4108,4.24329
path868,1678.92,3434.66,14.4108,4.24831
path870,1678.84,3445.72,14.411,4.24451
path872,1678.76,3456.78,14.4108,4.24843
path874,1678.67,3467.85,14.4108,4.24341
path876,1678.59,3478.91,14.411,4.24831
path878,1679.26,3395.75,14.4108,4.24831
path880,1679.17,3406.82,14.411,4.24329
path882,1679.09,3417.88,14.4108,4.24831
path884,1679.01,3428.95,14.4108,4.24329
path886,1678.92,3440.01,14.411,4.24843
path888,1678.84,3451.07,14.4108,4.24464
path890,1678.76,3462.13,14.4108,4.24831
path892,1678.68,3473.2,14.411,4.24329
path894,1678.67,3489.92,14.4108,4.24329
path896,1678.76,3484.2,14.4108,4.24831
path898,1679.25,3383.94,14.4108,4.24831
path900,1671.6,3490.56,29.8253,6.87427
path902,1659.02,3488.21,53.8032,6.9046
g904,1672.6,4007.11,28.8385,117.58
path906,1680.27,4007.11,11.7708,111.183
path908,1679.25,4017.66,14.0639,4.07168
path910,1679.17,4028.72,14.064,4.06718
path912,1679.09,4039.78,14.0639,4.07157
path914,1679,4050.85,14.0639,4.0671
path916,1678.92,4061.91,14.0639,4.07157
path918,1678.84,4072.97,14.064,4.06816
path920,1678.76,4084.03,14.0639,4.07168
path922,1678.67,4095.1,14.0639,4.06721
path924,1678.59,4106.16,14.064,4.07154
path926,1679.26,4023.01,14.0639,4.07157
path928,1679.17,4034.07,14.064,4.06707
path930,1679.09,4045.13,14.0639,4.07157
path932,1679.01,4056.2,14.0639,4.06721
path934,1678.92,4067.26,14.064,4.07165
path936,1678.84,4078.32,14.0639,4.0683
path938,1678.76,4089.38,14.0639,4.07157
path940,1678.68,4100.45,14.064,4.06707
path942,1678.67,4117.17,14.0639,4.0671
path944,1678.76,4111.45,14.0639,4.07157
path946,1679.25,4011.19,14.0639,4.07157
path948,1672.6,4117.99,28.8385,6.69484
path950,1659.02,4115.46,53.8032,6.9046
path952,620.712,2226.57,210.38,204.696
path954,633.271,2245.24,184.944,166.553
path956,795.146,2380.34,97.1325,5.2556
path958,809.425,2359.42,97.6461,5.25574
path960,771.746,2275.43,10.1433,10.1459
path962,667.552,2372.56,10.1432,10.1458
g964,4067.33,2044.04,209.839,207.081
path966,4067.33,2044.04,209.839,207.081
path968,4222.77,2099.53,10.0613,10.0629
path970,4109.28,2185.61,10.0614,10.0629
path972,3426.43,3033.51,10.063,10.0612
path974,3275.02,2965.19,10.0628,10.0614
path976,3275.02,3063.12,10.0628,10.0614
path978,1722.99,622.413,1663.45,37.3617
g980,3250.12,566.773,20.1463,149.244
path982,3250.33,566.773,19.9365,149.244
path984,3250.12,567.138,0.693954,148.587
path986,3250.91,703.486,14.4608,0.693954
path988,3250.91,704.707,14.4608,0.693954
path990,3250.91,655.981,14.4608,0.693954
path992,3250.91,654.576,14.4608,0.693954
path994,3250.91,679.161,14.4608,0.693954
path996,3250.91,680.338,14.4608,0.693954
path998,3250.91,630.029,14.4608,0.693954
path1000,3250.91,632.64,14.4608,0.693954
path1002,3250.91,607.742,14.4608,0.693954
path1004,3250.91,603.944,14.4608,0.693954
path1006,3250.91,580.732,14.4608,0.693954
path1008,3250.91,576.954,14.4577,0.693954
g1010,965.027,3498.31,29.2322,28.3268
path1012,965.472,3498.83,28.5542,25.2911
path1014,965.271,3526.32,28.8018,0.31264
path1016,965.027,3498.75,4.4948,25.0543
path1018,965.103,3523.66,29.1561,2.8241
path1020,969.068,3498.31,20.193,0.753319
path1022,977.146,3371,5.42627,128.002
g1024,893.644,509.825,154.181,262.057
path1026,900.636,729.116,51.3813,6.35611
path1028,900.985,692.83,46.5134,6.30702
path1030,908.221,690.222,8.59625,11.0826
path1032,903.532,690.118,8.59327,11.0847
path1034,898.977,690.065,8.59539,11.0848
path1036,908.221,653.868,8.59625,11.0825
path1038,898.977,653.711,8.59539,11.0848
path1040,903.532,653.764,8.59327,11.0847
path1042,900.493,656.477,42.4936,6.63205
path1044,899.943,619.342,47.2079,6.4884
path1046,899.838,582.988,42.802,6.4428
path1048,900.458,546.582,37.6673,6.1413
g1050,937.331,531.289,68.8402,37.1298
path1052,937.331,531.289,68.8402,37.1298
path1054,949.188,543.994,52.876,11.667
path1056,994.203,534.098,9.8396,10.0023
path1058,949.165,543.984,36.0473,11.6774
path1060,994.203,555.241,9.8396,10.0022
path1062,915.569,512.61,23.8735,23.6084
path1064,920.874,517.915,12.9976,12.9976
path1066,968.854,544.528,10.6527,10.6527
path1068,968.854,580.708,10.6527,10.6527
path1070,969.201,617.209,10.6527,10.6527
path1072,969.201,654.057,10.6527,10.6527
path1074,969.201,690.584,10.6527,10.6525
path1076,969.201,727.085,10.6527,10.6527
path1078,1021.59,512.61,23.8734,23.6084
path1080,1026.89,517.915,12.9976,12.9976
path1082,915.569,745.458,23.8735,23.6084
path1084,920.874,750.764,12.9976,12.9976
path1086,1021.59,745.458,23.8734,23.6084
path1088,1026.89,750.764,12.9976,12.9976
path1090,915.569,628.993,23.8735,23.6084
path1092,920.874,634.299,12.9976,12.9976
path1094,949.151,546.582,17.3209,6.14131
path1096,917.188,543.963,8.58689,11.0838
path1098,931.272,544.198,6.78059,11.0419
path1100,926.583,544.053,8.59327,11.0847
path1102,922.028,544.001,8.59539,11.0847
path1104,912.44,544.064,8.59531,11.0847
path1106,907.91,543.973,8.59625,11.0825
path1108,903.22,543.869,8.59319,11.0848
path1110,898.665,543.816,8.59541,11.0849
path1112,893.679,539.99,7.68839,19.7272
path1114,949.62,543.963,8.58677,11.0838
path1116,959.015,544.054,7.45658,11.0846
path1118,954.459,544.001,8.59539,11.0847
path1120,950.156,544.601,3.31075,2.67987
path1122,935.652,552.09,2.46454,2.91039
g1124,946.353,603.97,68.8401,37.1298
path1126,946.353,603.97,68.8401,37.1298
path1128,958.21,616.675,52.8761,11.667
path1130,1003.22,606.779,9.8396,10.0023
path1132,958.187,616.665,36.0473,11.6774
path1134,1003.22,627.922,9.8396,10.0022
g1136,941.842,567.469,68.8401,37.1298
path1138,941.842,567.469,68.8401,37.1298
path1140,953.699,580.175,52.8761,11.6671
path1142,998.714,570.278,9.8396,10.0022
path1144,953.676,580.164,36.0474,11.6774
path1146,998.714,591.421,9.8396,10.0023
g1148,951.211,713.635,68.8401,37.1298
path1150,951.211,713.635,68.8401,37.1298
path1152,963.068,726.341,52.8761,11.667
path1154,1008.08,716.444,9.8396,10.0023
path1156,963.045,726.33,36.0473,11.6774
path1158,1008.08,737.587,9.8396,10.0022
g1160,946.7,677.134,68.8401,37.1297
path1162,946.7,677.134,68.8401,37.1297
path1164,958.557,689.84,52.8761,11.6671
path1166,1003.57,679.943,9.8396,10.0022
path1168,958.534,689.829,36.0474,11.6774
path1170,1003.57,701.086,9.8396,10.0023
g1172,942.189,640.954,68.8401,37.1298
path1174,942.189,640.954,68.8401,37.1298
path1176,954.046,653.659,52.876,11.6671
path1178,999.061,643.763,9.8396,10.0023
path1180,954.023,653.649,36.0474,11.6774
path1182,999.061,664.906,9.8396,10.0023
path1184,953.663,582.988,12.7745,6.14119
path1186,917.153,580.369,8.58679,11.0838
path1188,931.237,580.564,8.59608,11.0825
path1190,926.548,580.46,8.59327,11.0847
path1192,921.992,580.407,8.59539,11.0848
path1194,912.404,580.471,8.59534,11.0847
path1196,907.874,580.38,8.59625,11.0825
path1198,903.185,580.276,8.59319,11.0847
path1200,898.63,580.223,8.59539,11.0849
path1202,893.644,576.396,7.68838,19.7273
path1204,958.979,580.46,7.45658,11.0846
path1206,954.3,580.407,8.71909,11.0918
path1208,958.175,619.343,8.2625,6.14071
path1210,917.153,616.723,8.58677,11.0838
path1212,931.237,616.918,8.59607,11.0826
path1214,926.548,616.814,8.59327,11.0847
path1216,921.992,616.761,8.59539,11.0848
path1218,912.404,616.824,8.59534,11.0848
path1220,907.874,616.734,8.59625,11.0826
path1222,903.185,616.63,8.59321,11.0847
path1224,898.63,616.577,8.59539,11.0847
path1226,893.644,612.75,7.68838,19.7273
path1228,935.617,616.63,8.59327,11.0847
path1230,963.034,729.116,2.70908,6.14094
path1232,916.459,726.497,8.58679,11.0837
path1234,930.543,726.691,8.59625,11.0825
path1236,925.854,726.588,8.59319,11.0847
path1238,921.298,726.535,8.59544,11.0848
path1240,911.71,726.598,8.59534,11.0847
path1242,907.18,726.507,8.59625,11.0825
path1244,902.491,726.404,8.59327,11.0847
path1246,897.936,726.351,8.59539,11.0847
path1248,893.644,722.524,7.68838,19.7273
path1250,944.142,726.599,7.87718,11.0839
path1252,939.612,726.507,8.59608,11.0825
path1254,934.923,726.404,8.59327,11.0847
path1256,901.014,509.825,11.3016,261.952
path1258,900.866,509.826,146.958,262.056
path1260,935.806,580.482,6.78058,11.042
path1262,954.689,580.884,3.31087,2.67983
path1264,940.185,588.374,2.46456,2.91039
path1266,958.989,616.734,7.54897,11.0915
path1268,940.362,616.808,6.78056,11.0419
path1270,959.246,617.211,3.31092,2.67995
path1272,944.742,624.701,2.46456,2.91027
path1274,954.01,656.477,12.7746,6.14119
path1276,917.5,653.857,8.58679,11.0838
path1278,931.584,654.052,8.59625,11.0825
path1280,926.895,653.948,8.59319,11.0848
path1282,922.339,653.895,8.59541,11.0849
path1284,912.751,653.959,8.59534,11.0847
path1286,893.991,649.885,7.68825,19.7272
path1288,959.326,653.948,7.45656,11.0848
path1290,954.779,653.895,8.58684,11.0919
path1292,958.521,692.831,8.2625,6.14083
path1294,917.5,690.211,8.58679,11.0837
path1296,931.584,690.406,8.59625,11.0825
path1298,926.895,690.302,8.59319,11.0847
path1300,922.339,690.249,8.59541,11.0849
path1302,912.751,690.313,8.59534,11.0849
path1304,893.991,686.239,7.68825,19.7272
path1306,935.964,690.118,8.59327,11.0847
path1308,936.152,653.97,6.78056,11.0419
path1310,955.036,654.373,3.31092,2.67987
path1312,940.532,661.862,2.46456,2.91039
path1314,959.204,690.222,7.68108,11.0916
path1316,940.709,690.297,6.78059,11.0419
path1318,959.593,690.699,3.31075,2.67987
path1320,945.089,698.189,2.46454,2.91039
path1322,949.264,734.643,2.77276,3.01721
path1324,963.345,727.873,2.08556,1.85942
g1326,1021.72,512.771,23.3504,23.2855
path1328,1021.72,512.771,23.3504,23.2855
path1330,1024.41,515.36,17.9589,18.1071
g1332,915.699,512.771,23.3504,23.2855
path1334,915.699,512.771,23.3504,23.2855
path1336,918.394,515.36,17.9589,18.1071
g1338,915.831,629.155,23.3504,23.2855
path1340,915.831,629.155,23.3504,23.2855
path1342,918.526,631.744,17.9589,18.1073
g1344,915.831,745.62,23.3504,23.2855
path1346,915.831,745.62,23.3504,23.2855
path1348,918.526,748.209,17.9589,18.1071
g1350,1021.85,745.62,23.3504,23.2855
path1352,1021.85,745.62,23.3504,23.2855
path1354,1024.55,748.209,17.9589,18.1071
path1356,528.722,3371.02,1564.77,154.306
path1358,2606.11,2247.68,16.5468,16.5439
path1360,2502.37,2342.02,17.3072,17.3043
path1362,2524.04,2266.9,77.7729,72.4476
g1364,2808.33,1015.44,59.5341,43.7321
path1366,2827.26,1015.44,6.15451,43.7321
path1368,2808.33,1034.05,43.7321,6.15451
path1370,2812.49,1019.33,35.335,35.874
path1372,2857.58,1036.35,10.2832,10.283
g1374,2417.86,1137.52,59.5343,43.7321
path1376,2436.78,1137.52,6.15451,43.7321
path1378,2417.86,1156.13,43.7321,6.15451
path1380,2422.02,1141.41,35.335,35.874
path1382,2467.11,1158.43,10.2834,10.2831
g1384,2496.57,1113.05,59.5341,43.7321
path1386,2515.49,1113.05,6.1544,43.7321
path1388,2496.57,1131.66,43.7321,6.1544
path1390,2500.73,1116.94,35.335,35.874
path1392,2545.82,1133.96,10.2832,10.2831
g1394,2574.83,1088.39,59.5341,43.7321
path1396,2593.75,1088.39,6.1544,43.7321
path1398,2574.83,1106.99,43.7321,6.1544
path1400,2578.99,1092.27,35.335,35.874
path1402,2624.08,1109.29,10.2832,10.2831
g1404,2652.98,1063.97,59.5343,43.7778
path1406,2671.58,1063.97,6.47607,43.7778
path1408,2652.98,1082.62,43.7321,6.15451
path1410,2657.14,1067.9,35.335,35.874
path1412,2702.23,1084.92,10.2834,10.283
g1414,2730.35,1040.3,59.5798,43.7321
path1416,2749.32,1040.3,6.1544,43.7321
path1418,2730.35,1058.91,43.7778,6.47595
path1420,2734.55,1044.18,35.335,35.874
path1422,2779.64,1061.21,10.2832,10.2831
g1424,3354.8,2928.08,59.5798,43.7321
path1426,3389.25,2928.08,6.15451,43.7321
path1428,3370.6,2946.69,43.7778,6.47595
path1430,3374.84,2931.97,35.335,35.874
path1432,3354.8,2948.99,10.2834,10.2831
path1434,528.722,3998.35,1564.77,154.304
g1436,3745.97,672.042,59.5798,43.7777
path1438,3780.42,672.042,6.47607,43.7777
path1440,3761.77,690.695,43.7777,6.47595
path1442,3766.01,675.972,35.335,35.874
path1444,3745.97,692.995,10.2834,10.2831
g1446,3667.26,647.572,59.5797,43.7777
path1448,3701.71,647.572,6.47595,43.7777
path1450,3683.06,666.224,43.7777,6.47595
path1452,3687.3,651.501,35.335,35.874
path1454,3667.26,668.524,10.2832,10.2831
g1456,3588.99,622.906,59.5798,43.7777
path1458,3623.45,622.906,6.47595,43.7777
path1460,3604.8,641.558,43.7778,6.47595
path1462,3609.04,626.836,35.335,35.874
path1464,3588.99,643.858,10.2834,10.2831
g1466,3510.85,598.531,59.5798,43.7778
path1468,3545.3,598.531,6.47607,43.7778
path1470,3526.65,617.183,43.7778,6.47607
path1472,3530.89,602.461,35.335,35.874
path1474,3510.85,619.483,10.2834,10.283
g1476,3433.43,574.82,59.5798,43.7778
path1478,3467.88,574.82,6.47607,43.7778
path1480,3449.23,593.473,43.7778,6.47607
path1482,3453.47,578.75,35.335,35.874
path1484,3433.43,595.773,10.2834,10.2829
g1486,3355.49,549.959,59.5798,43.7778
path1488,3389.95,549.959,6.47607,43.7778
path1490,3371.29,568.612,43.7777,6.47595
path1492,3375.53,553.889,35.335,35.874
path1494,3355.49,570.912,10.2834,10.2829
g1496,3745.27,3050.12,59.5798,43.7778
path1498,3779.73,3050.12,6.47595,43.7778
path1500,3761.08,3068.77,43.7778,6.47595
path1502,3765.31,3054.05,35.335,35.874
path1504,3745.27,3071.07,10.2832,10.2829
path1506,3766.2,676.035,35.335,35.874
path1508,3687.6,651.603,35.335,35.874
path1510,3609.39,627.28,35.335,35.874
path1512,3531.08,602.525,35.335,35.874
path1514,3453.91,578.743,35.335,35.874
path1516,3375.74,554.093,35.335,35.874
path1518,1098.8,523.137,126.93,237.522
path1520,1161.68,523.256,61.9092,237.358
path1522,1100.47,523.256,61.9092,237.358
path1524,1190.71,570.782,3.21795,3.2181
path1526,1190.71,707.119,3.21795,3.21797
path1528,1187.23,529.659,10.1808,10.1811
path1530,1188.61,531.036,7.42665,7.42661
path1532,1121.38,544.545,19.8541,19.8539
path1534,1121.09,579.372,19.854,19.854
path1536,1121.18,612.992,19.8541,19.854
path1538,1121.24,647.667,19.8539,19.8553
path1540,1121.04,682.148,19.854,19.8536
path1542,1121.04,715.811,19.854,19.8536
path1544,1129.61,570.858,3.21795,3.21943
path1546,1129.4,707.084,3.21795,3.21942
path1548,1126.13,529.735,10.1808,10.1808
path1550,1127.5,531.112,7.42625,7.42661
path1552,1182.49,544.467,19.8541,19.8551
path1554,1182.19,579.296,19.8536,19.854
path1556,1182.28,612.918,19.8541,19.8553
path1558,1182.34,647.594,19.8537,19.8536
path1560,1182.14,682.072,19.8539,19.854
path1562,1182.14,715.735,19.8539,19.8539
path1564,1121.25,551.894,20.2941,4.4165
path1566,1121.38,583.75,19.1313,10.5824
path1568,1121.25,620.445,19.9556,4.4165
path1570,1121.56,652.368,18.9519,10.5182
path1572,1121.25,690.22,19.9879,4.41651
path1574,1121.25,720.803,19.263,10.6297
path1576,1407.13,523.137,126.93,237.522
path1578,1470.01,523.256,61.9091,237.358
path1580,1408.8,523.256,61.9093,237.358
path1582,1499.05,570.782,3.21805,3.2181
path1584,1499.05,707.119,3.21805,3.21797
path1586,1495.57,529.659,10.1809,10.1811
path1588,1496.94,531.036,7.42675,7.42661
path1590,1429.72,544.545,19.8539,19.8539
path1592,1429.42,579.372,19.8541,19.854
path1594,1429.51,612.992,19.8539,19.854
path1596,1429.57,647.667,19.8541,19.8553
path1598,1429.37,682.148,19.8541,19.8536
path1600,1429.37,715.811,19.8541,19.8536
path1602,1437.94,570.858,3.21795,3.21943
path1604,1437.74,707.084,3.21795,3.21942
path1606,1434.46,529.735,10.1808,10.1808
path1608,1435.84,531.112,7.42645,7.42661
path1610,1490.82,544.467,19.854,19.8551
path1612,1490.52,579.296,19.8538,19.854
path1614,1490.62,612.918,19.8539,19.8553
path1616,1490.68,647.594,19.8538,19.8536
path1618,1490.47,682.072,19.8541,19.854
path1620,1490.47,715.735,19.8541,19.8539
path1622,1490.6,551.894,20.2942,4.4165
path1624,1490.6,551.894,20.2942,4.4165
path1626,1490.73,583.75,19.1312,10.5824
path1628,1490.73,583.75,19.1312,10.5824
path1630,1490.6,620.445,19.9555,4.4165
path1632,1490.6,620.445,19.9555,4.4165
path1634,1490.91,652.368,18.952,10.5182
path1636,1490.91,652.368,18.952,10.5182
path1638,1490.6,690.22,19.988,4.41651
path1640,1490.6,690.22,19.988,4.41651
path1642,1490.6,720.803,19.2629,10.6297
path1644,1490.6,720.803,19.2629,10.6297
path1646,1536.57,542.328,1714.24,197.936
g1648,3351.37,471.13,123.369,136.309
path1650,3351.37,566.236,31.6572,27.2654
path1652,3368.44,547.654,71.3113,59.785
path1654,3408.61,521.941,36.5132,39.4818
path1656,3422.63,517.494,22.7229,9.19841
path1658,3407.11,471.13,67.6373,50.3517
path1660,3422.31,512.647,25.295,12.704
path1662,3421.41,518.817,23.507,11.5615
path1664,3354.14,569.562,12.9838,12.9848
path1666,3373.25,551.781,40.2646,40.2575
g1668,3429.31,495.991,123.369,136.309
path1670,3429.31,591.097,31.6572,27.2653
path1672,3446.38,572.515,71.3112,59.7849
path1674,3486.55,546.802,36.5132,39.4818
path1676,3500.56,542.355,22.7229,9.19854
path1678,3485.04,495.991,67.6372,50.3518
path1680,3500.25,537.508,25.2951,12.704
path1682,3499.34,543.678,23.507,11.5616
path1684,3432.08,594.423,12.9838,12.9848
path1686,3451.18,576.642,40.2647,40.2575
g1688,3506.73,519.701,123.369,136.309
path1690,3506.73,614.808,31.6572,27.2652
path1692,3523.8,596.225,71.3113,59.785
path1694,3563.97,570.512,36.5132,39.4818
path1696,3577.98,566.065,22.7229,9.19854
path1698,3562.46,519.701,67.6373,50.3518
path1700,3577.67,561.218,25.2952,12.704
path1702,3576.76,567.388,23.5072,11.5616
path1704,3509.49,618.133,12.9838,12.9848
path1706,3528.6,600.352,40.2647,40.2574
g1708,3584.88,544.076,123.369,136.309
path1710,3584.88,639.183,31.6572,27.2654
path1712,3601.95,620.6,71.3113,59.785
path1714,3642.12,594.887,36.5132,39.4818
path1716,3656.13,590.441,22.7229,9.19841
path1718,3640.61,544.076,67.6372,50.3518
path1720,3655.81,585.594,25.2951,12.704
path1722,3654.91,591.764,23.507,11.5615
path1724,3587.64,642.508,12.9838,12.9848
path1726,3606.75,624.728,40.2646,40.2575
g1728,3663.14,568.742,123.369,136.309
path1730,3663.14,663.848,31.6572,27.2653
path1732,3680.21,645.266,71.3113,59.7849
path1734,3720.38,619.553,36.5132,39.4818
path1736,3734.39,615.106,22.7229,9.19841
path1738,3718.87,568.742,67.6373,50.3517
path1740,3734.08,610.259,25.2952,12.7039
path1742,3733.17,616.429,23.507,11.5615
path1744,3665.9,667.174,12.9838,12.9848
path1746,3685.01,649.393,40.2647,40.2575
g1748,3741.85,593.212,123.369,136.309
path1750,3741.85,688.318,31.6572,27.2654
path1752,3758.92,669.735,71.3112,59.785
path1754,3799.09,644.022,36.5132,39.4818
path1756,3813.1,639.576,22.7229,9.19841
path1758,3797.58,593.212,67.6372,50.3518
path1760,3812.79,634.729,25.2951,12.704
path1762,3811.88,640.899,23.507,11.5615
path1764,3744.62,691.643,12.9838,12.9848
path1766,3763.72,673.863,40.2646,40.2575
path1768,3269.82,508.132,647.661,275.197
path1770,3776.61,686.596,14.4805,14.7982
path1772,3698,662.163,14.4806,14.7983
path1774,3619.79,637.841,14.4805,14.7983
path1776,3541.49,613.086,14.4805,14.7982
path1778,3464.32,589.304,14.4806,14.7983
path1780,3386.15,564.654,14.4805,14.7982
g1782,2085.35,260.934,40.2398,48.3045
path1784,2085.35,260.934,40.2398,48.3045
path1786,2105.18,274.807,11.6364,26.3852
path1788,2093.18,269.501,11.4171,26.2282
text1790,3396.52,133.859,655.516,65.2417
tspan1792,3396.52,133.859,655.516,65.2417
text1794,3393.97,1829.67,800.266,41.3786
tspan1796,3393.97,1829.67,800.266,41.3786
text1798,3393.77,1137.98,549.593,49.8703
tspan1800,3393.77,1137.98,549.593,49.8703
path1802,3391.31,1190.35,1001.41,5.97305
text1804,133.221,1296.17,419.904,49.8703
tspan1806,133.221,1296.17,419.904,49.8703
path1808,128.597,1348.55,1001.41,5.97305
text1810,102.454,3644.14,535.194,49.8703
tspan1812,102.454,3644.14,535.194,49.8703
path1814,100,3696.51,1001.41,5.97325
path1816,3021.96,984.98,14.7496,246.368
path1818,2952.15,1030.94,94.1921,1.4518
path1820,2952.33,1180.49,108.753,2.0906
path1822,913.37,1035.25,62.2543,62.2543
path1824,2178.78,1106.1,1012.1,0.693954
path1826,242.738,1976.44,1802.64,0.693954
path1828,1415.2,2630.78,1933.13,0.693954
path1830,1537,3343.48,1713.13,22.2599
path1832,3115.78,3339.04,9.68057,4.55417
path1834,2999.39,3339.02,9.68067,4.55427
path1836,2887.01,3339,9.68077,4.55417
path1838,2780.62,3338.98,9.68047,4.55417
path1840,2680.64,3338.96,9.68467,4.55417
path1842,2586.11,3338.94,9.83287,4.55427
path1844,2497.02,3338.93,9.68047,4.55437
path1846,2412.92,3338.91,9.68097,4.55417
path1848,2333.36,3338.89,9.83317,4.55417
path1850,2258.49,3338.88,9.68057,4.55417
path1852,2186.99,3338.87,9.83297,4.55407
path1854,2120.29,3338.85,9.68447,4.55417
path1856,2057.22,3338.84,9.68057,4.55417
path1858,1997.77,3338.83,9.68067,4.55437
path1860,1941.15,3338.82,9.83277,4.55417
path1862,1888.57,3338.81,9.67697,4.55417
path1864,1838.14,3338.8,9.83287,4.55437
path1866,1790.95,3338.79,9.68057,4.55417
path1868,1746.69,3338.78,9.68037,4.55427
path1870,1704.44,3338.77,9.68077,4.55417
path1872,1665.01,3338.77,9.68077,4.55427
path1874,1627.15,3338.76,9.68067,4.55417
path1876,979.786,3332.14,2429.6,33.9833
path1878,1591.25,3338.68,9.68087,4.55427
path1880,1557.55,3338.95,9.68077,4.55427
path1882,3113.08,3653.09,18.0391,18.0389
path1884,3121.43,3593.26,0.890257,149.851
path1886,3045.09,3618.87,153.043,21.6431
path1888,3045.21,3639.89,152.817,48.976
path1890,3111.4,3638.9,21.5376,33.9571
path1892,3111.74,3651.37,20.8175,0.719953
path1894,2117.8,3654.56,18.0392,18.0388
path1896,2126.16,3594.74,0.890356,149.851
path1898,2037.37,3620.35,179.956,21.5736
path1900,2037.51,3641.35,179.689,52.3142
path1902,2116.12,3640.85,21.5378,33.4868
path1904,2116.47,3652.85,20.8174,0.719953
g1906,500.557,620.097,28.8158,41.9218
path1908,500.557,620.097,28.8158,41.9218
path1910,509.266,626.499,0.968981,28.3421
path1912,522.583,627.006,0.822969,28.1127
path1914,979.786,3332.14,2811.87,118.059
path1916,979.786,3332.14,2734.53,100.005
path1918,979.786,3332.14,2657.86,82.297
path1920,979.786,3331.82,2581.18,65.1871
path1922,979.784,3332.14,2504.34,47.0305
path1924,478.316,4164.19,39.9148,30.3666
path1926,515.187,4150.17,13.3269,16.4113
text1928,463.77,4180.38,33.3667,10.7373
tspan1930,463.77,4180.38,33.3667,10.7373
path1932,1710,1063.68,10.0628,10.0614
path1934,381.812,1976.29,158.644,0.997053
path1936,3268.92,3360.59,179.083,46.5163
path1938,1722.99,2999.71,1663.45,37.3618
g1940,3289.12,3777.56,496.274,122.491
path1942,3289.12,3787.55,438.245,8.54791
path1944,3708.1,3795.93,11.3305,90.885
path1946,3739.94,3778.49,5.20643,5.41979
path1948,3738.82,3777.56,5.35002,5.55971
text1950,3745.96,3810.68,39.4312,16.106
tspan1952,3745.96,3810.68,39.4312,16.106
path1954,3699.84,3784.7,30.3989,115.352
path1956,1722.91,3788.44,1643.88,37.292
path1958,3375.21,3814.84,42.3283,49.2951
path1960,1321.18,3018.2,2685.23,0.693954
path1962,1536.6,2532.39,1714.21,197.461
path1964,3120.38,2554.98,0.693954,152.123
path1966,3004.48,2553.31,0.693954,155.452
path1968,2891.99,2551.74,0.693954,158.601
path1970,2785.8,2550.25,0.693954,161.574
path1972,2685.58,2548.91,0.693954,164.265
path1974,2590.97,2547.52,0.693954,167.028
path1976,2501.7,2546.33,0.693954,169.426
path1978,2417.43,2545.18,0.693954,171.719
path1980,2337.87,2544.08,0.693954,173.919
path1982,2262.78,2542.93,0.693954,176.216
path1984,2191.92,2541.99,0.693954,178.093
path1986,2125.03,2541,0.693954,180.072
path1988,2061.88,2540.12,0.693954,181.84
path1990,2002.31,2539.28,0.693954,183.508
path1992,1946.05,2538.5,0.693954,185.083
path1994,1892.97,2537.82,0.693954,186.442
path1996,1842.84,2537.05,0.693954,187.973
path1998,1795.57,2536.39,0.693954,189.296
path2000,1750.99,2535.81,0.693954,190.461
path2002,1708.77,2535.2,0.693954,191.674
path2004,1669.34,2534.62,0.693954,192.83
path2006,1631.48,2534.09,0.693954,193.889
path2008,1596.02,2533.6,0.693954,194.883
path2010,1562.46,2533.13,0.693954,195.822
path2012,3250.12,2556.89,0.693954,148.587
path2014,529.083,144.686,555.743,406.686
g2016,500.352,3426.96,28.6894,41.8352
path2018,500.352,3426.96,28.6894,41.8352
path2020,509.054,3433.34,0.868745,28.3405
path2022,522.372,3433.8,0.723577,28.1104
g2024,2093.17,3426.96,28.6905,41.8352
path2026,2093.17,3426.96,28.6905,41.8352
path2028,2112.29,3433.34,0.868867,28.3405
path2030,2099.11,3433.8,0.723332,28.1104
g2032,500.352,4058.07,28.6894,41.8352
path2034,500.352,4058.07,28.6894,41.8352
path2036,509.054,4064.45,0.868745,28.3405
path2038,522.372,4064.91,0.723577,28.1104
path2040,449.4,4078.44,158.644,0.996953
g2042,2093.17,4058.07,28.6905,41.8352
path2044,2093.17,4058.07,28.6905,41.8352
path2046,2112.29,4064.45,0.868867,28.3405
path2048,2099.11,4064.91,0.723332,28.1104
path2050,2014.47,4078.4,158.031,1.07615
path2052,648.58,4056.09,39.6394,46.0305
path2054,644.335,4051.15,48.1284,55.9125
g2056,646.762,2340.56,110.879,133.159
path2058,646.865,2442.49,45.2698,31.0428
path2060,646.762,2441.91,45.8671,31.8042
path2062,654.412,2418.85,50.9065,48.2582
path2064,672.102,2349.3,49.4997,71.2266
path2066,703.034,2340.56,54.6062,100.179
path2068,1077.93,852.943,62.2543,62.2543
path2070,850.481,389.385,993.917,744.413
path2072,1513.02,1009.48,10.0628,10.0614
path2074,1302.51,979.51,10.0629,10.0614
path2076,1099.2,1064.56,10.0629,10.0613
path2078,866.823,1083.36,10.0629,10.0613
path2080,1025.46,901.51,10.0628,10.0614
path2082,1378.15,487.853,10.0628,10.0614
path2084,1632.44,467.142,10.0627,10.0614
path2086,1548.7,761.372,10.0629,10.0613
path2088,1061.6,418.962,10.0629,10.0614
g2090,1132.86,910.074,124.3,115.609
path2092,1167.3,941.941,55.9588,51.6776
path2094,1156.35,931.481,77.7721,72.4469
path2096,1180.47,952.878,29.3738,29.3948
path2098,1180.47,952.878,29.3738,29.3948
path2100,1134.95,1007.24,16.764,16.0201
path2102,1134.95,1007.24,16.764,16.0201
g2104,1132.86,1004.8,20.9408,20.8827
path2106,1132.86,1004.8,20.9408,20.8827
path2108,1135.23,1007.13,16.1213,16.253
path2110,1238.31,912.518,16.764,16.0201
path2112,1238.31,912.518,16.764,16.0201
g2114,1236.22,910.074,20.9407,20.8828
path2116,1236.22,910.074,20.9407,20.8828
path2118,1238.59,912.407,16.1212,16.253
path2120,3120.38,565.222,0.693954,152.123
path2122,3004.48,563.558,0.693954,155.452
path2124,2891.99,561.983,0.693954,158.601
path2126,2785.8,560.497,0.693954,161.574
path2128,2685.58,559.152,0.693954,164.265
path2130,2590.97,557.77,0.693954,167.028
path2132,2501.7,556.571,0.693954,169.426
path2134,2417.43,555.424,0.693954,171.719
path2136,2337.87,554.325,0.693954,173.919
path2138,2262.78,553.176,0.693954,176.216
path2140,2191.92,552.237,0.693954,178.093
path2142,2125.03,551.248,0.693954,180.072
path2144,2061.88,550.364,0.693954,181.84
path2146,2002.31,549.53,0.693954,183.508
path2148,1946.05,548.743,0.693954,185.083
path2150,1892.97,548.063,0.693954,186.442
path2152,1842.84,547.298,0.693954,187.973
path2154,1795.57,546.636,0.693954,189.296
path2156,1750.99,546.054,0.693954,190.46
path2158,1708.77,545.447,0.693954,191.674
path2160,1669.34,544.869,0.693954,192.83
path2162,1631.48,544.339,0.693954,193.889
path2164,1596.02,543.843,0.693954,194.883
path2166,1562.46,543.373,0.693954,195.822
path2168,855.063,394.414,978.116,734.925
path2170,1463.5,506.938,9.549,9.54886
path2172,1157.27,506.938,9.549,9.54886
path2174,1157.04,766.129,9.549,9.54887
path2176,1095.7,519.934,132.816,243.07
path2178,974.168,548.813,2420.26,31.2779
path2180,974.173,585.167,2499.98,21.9706
path2182,974.525,621.841,2575.58,10.4949
path2184,974.527,649.172,2653.78,10.7318
path2186,974.525,673.319,2732.14,22.9381
path2188,974.526,698.095,2811.39,34.4896
path2190,3537.84,609.778,21.7826,21.4137
path2192,3616.14,634.534,21.7826,21.4137
path2194,3694.35,658.856,21.7825,21.4138
path2196,3772.96,683.289,21.7826,21.4138
path2198,3382.5,561.347,21.7825,21.4137
path2200,3460.67,585.997,21.7825,21.4137
g2202,3758.72,668.739,50.2833,50.1385
path2204,3758.72,668.739,50.2833,50.1385
path2206,3761.58,673.545,44.557,40.8974
path2208,3765.56,675.543,36.506,36.8549
g2210,3680.11,644.306,50.2833,50.1385
path2212,3680.11,644.306,50.2833,50.1385
path2214,3682.98,649.112,44.5569,40.8975
path2216,3686.95,651.11,36.506,36.855
g2218,3601.9,619.984,50.2833,50.1385
path2220,3601.9,619.984,50.2833,50.1385
path2222,3604.77,624.79,44.557,40.8975
path2224,3608.74,626.788,36.506,36.8549
g2226,3523.6,595.228,50.2833,50.1385
path2228,3523.6,595.228,50.2833,50.1385
path2230,3526.46,600.034,44.557,40.8974
path2232,3530.43,602.032,36.506,36.8549
g2234,3446.43,571.447,50.2833,50.1385
path2236,3446.43,571.447,50.2833,50.1385
path2238,3449.29,576.253,44.557,40.8975
path2240,3453.27,578.25,36.5061,36.8549
g2242,3368.26,546.797,50.2833,50.1385
path2244,3368.26,546.797,50.2833,50.1385
path2246,3371.12,551.603,44.5569,40.8974
path2248,3375.1,553.601,36.506,36.8549
path2250,181.284,641.023,3825.13,0.693954
g2252,2085.35,1596.36,40.2398,48.3044
path2254,2085.35,1596.36,40.2398,48.3044
path2256,2105.18,1610.23,11.6364,26.3852
path2258,2093.18,1604.92,11.4171,26.2282
g2260,500.557,1955.52,28.8158,41.9225
path2262,500.557,1955.52,28.8158,41.9225
path2264,509.266,1961.92,0.968981,28.3421
path2266,522.583,1962.43,0.822969,28.1127
path2268,877.429,1435.6,978.411,330.841
path2270,2021.5,1582.1,144.249,66.6764
path2272,1710,2399.1,10.0628,10.0613
path2274,529.083,1480.11,555.743,406.686
path2276,1099.81,2212.99,185.577,177.424
path2278,1513.02,2344.9,10.0628,10.0613
path2280,1302.51,2314.93,10.0629,10.0613
path2282,1099.2,2399.98,10.0629,10.0614
path2284,866.823,2418.79,10.0629,10.0614
path2286,1025.46,2236.93,10.0628,10.0613
path2288,1378.15,1823.27,10.0628,10.0613
path2290,1632.44,1802.56,10.0627,10.0614
path2292,1548.7,2096.79,10.0629,10.0614
path2294,1061.6,1754.38,10.0629,10.0612
path2296,528.722,3998.35,1352.38,154.304
path2298,3270,2885.74,647.661,275.222
path2300,2305.01,973.101,647.342,275.221
g2302,3666.56,3025.65,59.5343,43.7778
path2304,3701.02,3025.65,6.47607,43.7778
path2306,3682.37,3044.3,43.7321,6.15451
path2308,3686.61,3029.58,35.335,35.874
path2310,3666.56,3046.6,10.2834,10.283
g2312,3588.3,3000.98,59.5343,43.7778
path2314,3622.76,3000.98,6.47607,43.7778
path2316,3604.11,3019.63,43.7321,6.15451
path2318,3608.34,3004.91,35.335,35.874
path2320,3588.3,3021.93,10.2834,10.283
g2322,3510.15,2976.65,59.5341,43.7321
path2324,3544.61,2976.65,6.1544,43.7321
path2326,3525.96,2995.26,43.7321,6.1544
path2328,3530.2,2980.54,35.335,35.874
path2330,3510.15,2997.56,10.2832,10.2831
g2332,3432.74,2952.9,59.5341,43.7778
path2334,3467.19,2952.9,6.47607,43.7778
path2336,3448.54,2971.55,43.7321,6.15451
path2338,3452.78,2956.83,35.335,35.874
path2340,3432.74,2973.85,10.2832,10.283
path2342,3077.69,2399.1,10.0629,10.0613
path2344,2880.71,2344.9,10.0628,10.0613
path2346,2670.2,2314.93,10.0628,10.0613
path2348,2466.89,2399.98,10.0627,10.0614
path2350,2234.51,2418.79,10.0628,10.0614
path2352,2393.15,2236.93,10.0628,10.0613
path2354,2745.84,1823.27,10.0628,10.0613
path2356,3000.13,1802.56,10.0628,10.0614
path2358,2916.39,2096.79,10.0628,10.0614
path2360,2429.29,1754.38,10.0627,10.0612
g2362,2293.39,2383,37.6034,37.6034
path2364,2293.39,2401.8,37.6034,0
path2366,2312.19,2383,0,37.6034
g2368,2457.94,2200.69,37.6034,37.6034
path2370,2457.94,2219.49,37.6034,0
path2372,2476.74,2200.69,0,37.6034
path2374,2831.19,1842.36,9.549,9.5489
path2376,2831.05,2101.55,9.5488,9.5489
path2378,2524.96,1842.36,9.5488,9.5489
path2380,2524.73,2101.55,9.549,9.5489
path2382,2463.39,1855.35,132.816,243.07
path2384,1463.41,766.129,9.549,9.54887
g2386,1631.63,466.339,11.6721,11.6411
path2388,1632.77,467.654,9.3947,9.0342
path2390,1632.77,467.654,9.3947,9.0342
path2392,1631.63,466.339,11.6721,11.6411
path2394,1632.93,467.646,9.01272,9.06633
g2396,1631.63,466.339,11.6721,11.6411
path2398,1631.63,466.339,11.6721,11.6411
path2400,1632.93,467.646,9.01272,9.06633
g2402,1377.35,487.064,11.6721,11.6411
path2404,1378.5,488.379,9.3947,9.03425
path2406,1378.5,488.379,9.3947,9.03425
path2408,1377.35,487.064,11.6721,11.6411
path2410,1378.65,488.371,9.01272,9.06633
g2412,1377.35,487.064,11.6721,11.6411
path2414,1377.35,487.064,11.6721,11.6411
path2416,1378.65,488.371,9.01272,9.06633
g2418,1462.44,505.892,11.6722,11.6411
path2420,1463.59,507.207,9.39471,9.03419
path2422,1463.59,507.207,9.39471,9.03419
path2424,1462.44,505.892,11.6722,11.6411
path2426,1463.75,507.199,9.01272,9.06633
g2428,1462.44,505.892,11.6722,11.6411
path2430,1462.44,505.892,11.6722,11.6411
path2432,1463.75,507.199,9.01272,9.06633
g2434,1156.2,505.878,11.6722,11.641
path2436,1157.34,507.193,9.39466,9.03427
path2438,1157.34,507.193,9.39466,9.03427
path2440,1156.2,505.878,11.6722,11.641
path2442,1157.5,507.186,9.01283,9.06622
g2444,1156.2,505.878,11.6722,11.641
path2446,1156.2,505.878,11.6722,11.641
path2448,1157.5,507.186,9.01283,9.06622
g2450,1060.78,418.159,11.6722,11.641
path2452,1061.93,419.474,9.39473,9.03427
path2454,1061.93,419.474,9.39473,9.03427
path2456,1060.78,418.159,11.6722,11.641
path2458,1062.09,419.466,9.01272,9.06622
g2460,1060.78,418.159,11.6722,11.641
path2462,1060.78,418.159,11.6722,11.641
path2464,1062.09,419.466,9.01272,9.06622
g2466,1155.97,765.07,11.6722,11.6411
path2468,1157.11,766.385,9.39466,9.0342
path2470,1157.11,766.385,9.39466,9.0342
path2472,1155.97,765.07,11.6722,11.6411
path2474,1157.27,766.377,9.01283,9.06633
g2476,1155.97,765.07,11.6722,11.6411
path2478,1155.97,765.07,11.6722,11.6411
path2480,1157.27,766.377,9.01283,9.06633
g2482,1462.34,765.07,11.6722,11.6411
path2484,1463.49,766.385,9.39466,9.0342
path2486,1463.49,766.385,9.39466,9.0342
path2488,1462.34,765.07,11.6722,11.6411
path2490,1463.64,766.377,9.01272,9.06633
g2492,1462.34,765.07,11.6722,11.6411
path2494,1462.34,765.07,11.6722,11.6411
path2496,1463.64,766.377,9.01272,9.06633
g2498,1547.9,760.583,11.6722,11.6411
path2500,1549.04,761.898,9.39471,9.03427
path2502,1549.04,761.898,9.39471,9.03427
path2504,1547.9,760.583,11.6722,11.6411
path2506,1549.2,761.89,9.01272,9.06622
g2508,1547.9,760.583,11.6722,11.6411
path2510,1547.9,760.583,11.6722,11.6411
path2512,1549.2,761.89,9.01272,9.06622
g2514,1709.2,1062.89,11.6722,11.6411
path2516,1710.34,1064.21,9.39465,9.03419
path2518,1710.34,1064.21,9.39465,9.03419
path2520,1709.2,1062.89,11.6722,11.6411
path2522,1710.5,1064.2,9.01272,9.06633
g2524,1709.2,1062.89,11.6722,11.6411
path2526,1709.2,1062.89,11.6722,11.6411
path2528,1710.5,1064.2,9.01272,9.06633
g2530,1512.23,1008.67,11.6721,11.6411
path2532,1513.38,1009.98,9.3947,9.03426
path2534,1513.38,1009.98,9.3947,9.03426
path2536,1512.23,1008.67,11.6721,11.6411
path2538,1513.54,1009.98,9.01272,9.06633
g2540,1512.23,1008.67,11.6721,11.6411
path2542,1512.23,1008.67,11.6721,11.6411
path2544,1513.54,1009.98,9.01272,9.06633
g2546,1301.7,978.707,11.6721,11.6411
path2548,1302.84,980.022,9.3947,9.0342
path2550,1302.84,980.022,9.3947,9.0342
path2552,1301.7,978.707,11.6721,11.6411
path2554,1303,980.014,9.01272,9.06632
g2556,1301.7,978.707,11.6721,11.6411
path2558,1301.7,978.707,11.6721,11.6411
path2560,1303,980.014,9.01272,9.06632
g2562,1098.42,1063.75,11.6722,11.6411
path2564,1099.57,1065.07,9.39471,9.03426
path2566,1099.57,1065.07,9.39471,9.03426
path2568,1098.42,1063.75,11.6722,11.6411
path2570,1099.73,1065.06,9.01272,9.06633
g2572,1098.42,1063.75,11.6722,11.6411
path2574,1098.42,1063.75,11.6722,11.6411
path2576,1099.73,1065.06,9.01272,9.06633
g2578,866.019,1082.58,11.6722,11.6411
path2580,867.166,1083.89,9.39471,9.0342
path2582,867.166,1083.89,9.39471,9.0342
path2584,866.019,1082.58,11.6722,11.6411
path2586,867.324,1083.88,9.01272,9.06622
g2588,866.019,1082.58,11.6722,11.6411
path2590,866.019,1082.58,11.6722,11.6411
path2592,867.324,1083.88,9.01272,9.06622
g2594,1024.68,900.701,11.6722,11.6411
path2596,1025.83,902.016,9.39471,9.03426
path2598,1025.83,902.016,9.39471,9.03426
path2600,1024.68,900.701,11.6722,11.6411
path2602,1025.99,902.008,9.01272,9.06633
g2604,1024.68,900.701,11.6722,11.6411
path2606,1024.68,900.701,11.6722,11.6411
path2608,1025.99,902.008,9.01272,9.06633
path2610,3386.03,3394.9,10.0041,41.723
path2612,3386.03,3817.54,10.0041,41.7229
path2614,3450.51,3832.18,42.3284,49.2952
path2616,3527.15,3849.88,42.3285,49.2953
path2618,3604,3867.63,42.3282,49.2953
path2620,3680.65,3885.32,42.3282,49.2953
path2622,3758.44,3903.29,42.3286,49.2953
path2624,528.722,3371.02,1352.38,154.306
path2626,644.457,3424.04,47.6721,55.4755
path2628,648.532,3428.75,39.6395,46.0303
path2630,653.658,3434.75,29.2983,34.0573
path2632,644.335,3423.83,48.1284,55.9123
g2634,905.338,1838.37,150.221,276.918
g2636,905.469,1838.37,44.0683,44.0683
g2638,912.814,1845.72,29.3792,29.3757
path2640,912.814,1845.72,29.3792,29.3757
path2642,917.701,1850.61,19.6043,19.6043
path2644,923.889,1856.81,7.13314,7.21804
g2646,905.469,1838.37,44.0683,44.0683
path2648,905.469,1860.06,44.0683,0.693954
path2650,927.154,1838.37,0.693954,44.0683
g2652,1011.49,1838.37,44.0683,44.0683
g2654,1018.84,1845.72,29.3792,29.3758
path2656,1018.84,1845.72,29.3792,29.3758
path2658,1023.72,1850.61,19.6043,19.6043
path2660,1029.91,1856.81,7.13296,7.21793
g2662,1011.49,1838.37,44.0683,44.0683
path2664,1011.49,1860.06,44.0683,0.693954
path2666,1033.18,1838.37,0.693954,44.0683
g2668,1011.36,2071.22,44.0683,44.0683
g2670,1018.7,2078.57,29.3791,29.3758
path2672,1018.7,2078.57,29.3791,29.3758
path2674,1023.59,2083.46,19.6043,19.6043
path2676,1029.78,2089.65,7.13313,7.21805
g2678,1011.36,2071.22,44.0683,44.0683
path2680,1011.36,2092.91,44.0683,0.693954
path2682,1033.04,2071.22,0.693954,44.0683
g2684,905.338,2071.22,44.0683,44.0683
g2686,912.683,2078.57,29.3792,29.3758
path2688,912.683,2078.57,29.3792,29.3758
path2690,917.571,2083.46,19.6043,19.6043
path2692,923.759,2089.66,7.1331,7.21806
g2694,905.338,2071.22,44.0683,44.0683
path2696,905.338,2092.91,44.0683,0.693954
path2698,927.024,2071.22,0.693954,44.0683
g2700,905.469,1954.76,44.0683,44.0683
g2702,912.813,1962.1,29.3792,29.3758
path2704,912.813,1962.1,29.3792,29.3758
path2706,917.701,1966.99,19.6043,19.6043
path2708,923.889,1973.19,7.1331,7.21806
g2710,905.469,1954.76,44.0683,44.0683
path2712,905.469,1976.45,44.0683,0.693954
path2714,927.154,1954.76,0.693954,44.0683
g2716,965.228,1876.9,17.9021,17.9021
path2718,969.011,1880.68,10.3369,10.3369
g2720,965.228,1876.9,17.9021,17.9021
path2722,965.228,1885.5,17.9021,0.693954
path2724,973.831,1876.9,0.693954,17.9021
g2726,965.228,1913.08,17.9021,17.9021
path2728,969.011,1916.86,10.3369,10.3368
g2730,965.228,1913.08,17.9021,17.9021
path2732,965.228,1921.68,17.9021,0.693954
path2734,973.831,1913.08,0.693954,17.9021
g2736,965.228,1949.58,17.9021,17.9021
path2738,969.011,1953.36,10.3369,10.3369
g2740,965.228,1949.58,17.9021,17.9021
path2742,965.228,1958.18,17.9021,0.693954
path2744,973.831,1949.58,0.693954,17.9021
g2746,965.228,1986.43,17.9021,17.9021
path2748,969.011,1990.21,10.3369,10.3368
g2750,965.228,1986.43,17.9021,17.9021
path2752,965.228,1995.03,17.9021,0.693954
path2754,973.831,1986.43,0.693954,17.9021
g2756,965.228,2022.95,17.9021,17.9021
path2758,969.011,2026.74,10.3369,10.3368
g2760,965.228,2022.95,17.9021,17.9021
path2762,965.228,2031.56,17.9021,0.693954
path2764,973.831,2022.95,0.693954,17.9021
g2766,965.228,2059.45,17.9021,17.9021
path2768,969.011,2063.24,10.3369,10.3369
g2770,965.228,2059.45,17.9021,17.9021
path2772,965.228,2068.06,17.9021,0.693954
path2774,973.831,2059.45,0.693954,17.9021
path2776,2218.16,1724.81,993.917,744.411
path2778,2222.74,1729.83,978.116,734.929
path2780,1011.52,3340.02,8.31458,20.4309
path2782,1012.47,3355.91,7.41889,1.95689
path2784,1012.54,3356.77,7.40729,1.98619
path2786,1012.66,3358.37,7.39859,1.98819
path2788,1012.36,3354.25,7.39625,1.95375
path2790,1012.6,3357.58,7.41119,1.98879
path2792,1012.42,3355.13,7.40755,1.95725
path2794,1012.28,3353.35,7.42589,1.98679
path2796,1012.04,3350.09,7.41899,1.95689
path2798,1012.1,3350.95,7.40719,1.98619
path2800,1012.22,3352.56,7.39879,1.98819
path2802,1011.92,3348.43,7.39605,1.95365
path2804,1012.16,3351.77,7.41129,1.98859
path2806,1011.98,3349.31,7.40755,1.95705
path2808,1011.84,3347.54,7.42569,1.98689
path2810,1011.89,3346.65,7.39615,1.95385
path2812,1011.8,3345.76,7.42579,1.98689
path2814,1011.56,3342.5,7.41899,1.95689
path2816,1011.63,3343.36,7.40729,1.98629
path2818,1011.75,3344.96,7.39879,1.98819
path2820,1011.45,3340.84,7.39615,1.95375
path2822,1011.69,3344.17,7.41119,1.98859
path2824,1011.51,3341.72,7.40755,1.95725
path2826,1011.37,3339.94,7.42569,1.98669
path2828,953.198,3332.14,69.9606,24.5647
path2830,917.094,3346.23,37.7736,8.58398
path2832,933.969,3344.6,8.2118,11.2888
path2834,948.035,3343.91,6.36098,11.2479
path2836,943.349,3344.07,8.21862,11.2892
path2838,938.8,3344.32,8.22091,11.291
path2840,929.237,3345.01,8.2203,11.2906
path2842,924.71,3345.22,8.22135,11.2876
path2844,920.025,3345.42,8.21856,11.2902
path2846,915.475,3345.67,8.22092,11.2907
path2848,899.679,3342.76,8.39814,19.9411
path2850,952.386,3351.78,2.59433,2.88276
path2852,906.628,3339.92,146.813,31.4965
path2854,849.724,3365.51,994.4,5.90905
g2856,965.027,4125.82,29.2322,28.3268
path2858,965.472,4126.34,28.5542,25.2912
path2860,965.271,4153.84,28.8018,0.31264
path2862,965.027,4126.27,4.4948,25.0543
path2864,965.103,4151.18,29.1561,2.8241
path2866,969.068,4125.82,20.193,0.753319
path2868,977.146,3998.51,5.42627,128.002
path2870,3249.68,3333.24,20.0181,32.9296
g2872,3844.22,1977.29,177.67,133.091
path2874,3844.22,1977.29,177.67,133.091
path2876,4000.74,2058.81,10.0629,10.0614
path2878,3849.33,1990.49,10.0629,10.0613
path2880,3849.33,2088.42,10.0629,10.0614
path2882,3844.22,1980.06,173.774,127.105
g2884,3269.91,574.981,177.67,133.091
path2886,3269.91,574.981,177.67,133.091
path2888,3426.43,656.503,10.0629,10.0614
path2890,3275.02,588.188,10.0629,10.0614
path2892,3275.02,686.118,10.0629,10.0614
path2894,3269.91,577.758,173.774,127.105
path2896,2147.53,2574.21,22.567,22.567
path2898,2147.53,2665.39,22.567,22.567
path2900,1568.27,2570.23,22.567,22.567
path2902,1568.27,2669.53,22.567,22.567
path2904,1678.4,2619.85,22.567,22.567
path2906,1762.72,2619.85,22.567,22.567
path2908,1857.48,2619.85,22.567,22.567
path2910,1963.37,2619.85,22.567,22.567
path2912,2366.6,2619.85,22.567,22.567
path2914,2535.09,2619.85,22.567,22.567
path2916,2724.43,2619.85,22.567,22.567
path2918,2936.4,2619.85,22.567,22.567
g2920,1568.27,580.475,1390.7,121.868
path2922,2147.53,584.459,22.567,22.567
path2924,2147.53,675.633,22.567,22.567
path2926,1568.27,580.475,22.567,22.567
path2928,1568.27,679.776,22.567,22.567
path2930,1678.4,630.096,22.567,22.567
path2932,1762.72,630.096,22.567,22.567
path2934,1857.48,630.096,22.567,22.567
path2936,1963.37,630.096,22.567,22.567
path2938,2366.6,630.096,22.567,22.567
path2940,2535.09,630.096,22.567,22.567
path2942,2724.43,630.096,22.567,22.567
path2944,2936.4,630.096,22.567,22.567
path2946,1092.86,3998.37,138.768,48.6612
path2948,1398.59,3998.37,138.693,48.6612
path2950,1231.28,4046.32,167.66,0.717785
g2952,3274.22,587.399,11.6721,11.6411
path2954,3275.36,588.714,9.3947,9.0342
path2956,3275.36,588.714,9.3947,9.0342
path2958,3274.22,587.399,11.6721,11.6411
path2960,3275.52,588.706,9.01272,9.06633
g2962,3274.22,587.399,11.6721,11.6411
path2964,3274.22,587.399,11.6721,11.6411
path2966,3275.52,588.706,9.01272,9.06633
g2968,3425.63,655.714,11.6722,11.6411
path2970,3426.78,657.029,9.39466,9.03427
path2972,3426.78,657.029,9.39466,9.03427
path2974,3425.63,655.714,11.6722,11.6411
path2976,3426.94,657.021,9.01271,9.06633
g2978,3425.63,655.714,11.6722,11.6411
path2980,3425.63,655.714,11.6722,11.6411
path2982,3426.94,657.021,9.01271,9.06633
g2984,3274.21,685.315,11.6721,11.6411
path2986,3275.35,686.63,9.3947,9.03425
path2988,3275.35,686.63,9.3947,9.03425
path2990,3274.21,685.315,11.6721,11.6411
path2992,3275.51,686.622,9.01272,9.06633
g2994,3274.21,685.315,11.6721,11.6411
path2996,3274.21,685.315,11.6721,11.6411
path2998,3275.51,686.622,9.01272,9.06633
